title,type,question,A,B,C,D,answer,image,explanation
F4 Chp 1,radio,Kedah2024_Q01,A,B,C,D,B,Kedah 2024/Picture1.png,"中文：水型灭火器适合纸张、木材等固体火灾；不用于带电设备或油类火灾。
English: A water extinguisher is suitable for solid materials such as paper and wood, rather than electrical or oil fires."
F4 Chp 1,radio,Kelantan2024_Q01,A,B,C,D,C,Kelantan 2024/Picture1.png,"中文：课本列有洗眼器、安全淋浴和层流柜等实验室安全设备；普通通风室不是列出的专用防护设备。
English: The textbook lists eyewash stations, safety showers and laminar flow cabinets as laboratory safety equipment; a general ventilation chamber is not the listed protective equipment."
F4 Chp 1,radio,KelantanYik2024_Q01,A,B,C,D,C,Kelantan YIK 2024/Picture1.png,"中文：血液和血清属于液态生物废物，按实验室规程先高压灭菌去污染，再按指定程序处理。
English: Blood and serum are liquid biological waste and must be decontaminated by autoclaving before the prescribed disposal process."
F4 Chp 1,radio,Melaka2024_Q01,A,B,C,D,A,Melaka 2024/Picture1.png,"中文：红色标签代表水型灭火器；泡沫为奶油色、干粉蓝色、二氧化碳黑色。
English: A red label identifies a water extinguisher; foam is cream, dry powder blue and carbon dioxide black."
F4 Chp 1,radio,NegeriSembilan2024_Q01,A,B,C,D,D,Negeri Sembilan 2024/Picture1.png,"中文：血清是液体生物废物，属于 D 类；锐器 A 类、非锐器固体 B 类、动物尸体 C 类。
English: Serum is liquid biological waste, Category D; sharps are A, non-sharp solids B and animal carcasses C."
F4 Chp 1,radio,Pahang2024_Q01,A,B,C,D,C,Pahang 2024/Picture1.png,"中文：氯化钠溶液是中性盐溶液，符合课本可排入水槽的废液类别；汽油及浓酸、浓碱不适合。
English: Sodium chloride solution is a neutral salt solution suitable for sink disposal under the textbook rules; petrol and concentrated acids or alkalis are unsuitable."
F4 Chp 1,radio,PenangSet12024_Q01,A,B,C,D,C,Penang Set 1 2024/Picture1.png,"中文：氯化钠溶液是中性盐溶液，符合课本可排入水槽的废液类别；金属粉末和浓酸、浓碱不可这样处理。
English: Sodium chloride solution is a neutral salt solution suitable for sink disposal under the textbook rules; metal powders and concentrated acids or alkalis are unsuitable."
F4 Chp 1,radio,PenangSet22024_Q01,A,B,C,D,B,Penang Set 2 2024/Picture1.png,"中文：按课本废物处理规则，低浓度、接近中性的稀酸可排入水槽；固体、油漆和活泼物质不可这样处理。
English: Under textbook disposal rules, dilute acid with a suitable near-neutral pH can go into the sink; solids, oil paint and reactive substances cannot."
F4 Chp 1,radio,Perak2024_Q01,A,B,C,D,A,Perak 2024/Picture1.png,"中文：挥发性、有毒物质应在通风橱内操作，让有害蒸气被抽走，减少吸入风险。
English: Volatile and poisonous substances should be handled in a fume chamber, which removes harmful vapours and reduces inhalation."
F4 Chp 1,radio,SelangorSet12024_Q01,A,B,C,D,A,Selangor Set 1 2024/Picture1.png,"中文：活泼金属与水反应可剧烈飞溅，护目镜保护眼睛免受液体或碎屑伤害。
English: Reactive metals can react vigorously with water and splash; goggles protect the eyes from liquid and fragments."
F4 Chp 1,radio,SelangorSet22024_Q01,A,B,C,D,B,Selangor Set 2 2024/Picture1.png,"中文：挥发性物质可能产生可吸入的蒸气；在给出的个人防护用品中，题目要求选保护口鼻的口罩。
English: Volatile substances may release inhalable vapours; among the listed personal protective items, the question selects a face mask to cover the nose and mouth."
F4 Chp 1,radio,Smka2024_Q01,A,B,C,D,A,SMKA 2024/Picture1.png,"中文：通风橱抽走有害蒸气，适合进行涉及挥发性、有毒、腐蚀性或有气味化学物质的实验。
English: A fume chamber extracts harmful vapours and is suitable for experiments with volatile, poisonous, corrosive or odorous chemicals."
F4 Chp 1,radio,Kelantan2024_Q02,A,B,C,D,D,Kelantan 2024/Picture2.png,"中文：干粉灭火器适用多种火灾，学校可用同一种器材应对不同起火物料。
English: Dry powder extinguishers are suitable for various fire types, making them versatile for school use."
F4 Chp 1,radio,KelantanYik2024_Q02,A,B,C,D,D,Kelantan YIK 2024/Picture2.png,"中文：蓝色标签表示干粉灭火器；按 SPM 分类，它适用于多种火灾。
English: A blue label identifies a dry powder extinguisher, suitable for various fire types in the SPM classification."
F4 Chp 1,radio,Pahang2024_Q02,A,B,C,D,A,Pahang 2024/Picture2.png,"中文：泡沫能覆盖燃烧物并隔绝氧气，可扑灭纸和木材等 A 类固体火灾。
English: Foam covers burning materials and excludes oxygen, so it can extinguish Class A fires involving paper and wood."
F4 Chp 1,radio,PenangSet12024_Q02,A,B,C,D,C,Penang Set 1 2024/Picture2.png,"中文：二氧化碳不导电，并能隔绝氧气，适合扑灭电器火灾。
English: Carbon dioxide does not conduct electricity and excludes oxygen, making it suitable for electrical fires."
F4 Chp 1,radio,PenangSet22024_Q02,A,B,C,D,C,Penang Set 2 2024/Picture2.png,"中文：二氧化碳不导电，并能隔绝氧气，适合扑灭电器引起的火灾。
English: Carbon dioxide does not conduct electricity and excludes oxygen, making it suitable for electrical fires."
F4 Chp 1,radio,Perak2024_Q02,A,B,C,D,D,Perak 2024/Picture2.png,"中文：按题目课本分类，二氧化碳灭火器适合电器及油类火灾，能隔绝氧气且不导电，因此选 D。
English: Under the question's textbook classification, carbon dioxide extinguishers suit electrical and oil fires by excluding oxygen without conducting electricity, matching D."
F4 Chp 1,radio,SelangorSet12024_Q02,A,B,C,D,D,Selangor Set 1 2024/Picture2.png,"中文：受污染手套是非锐器固体生物废物，应放进生物危害袋；针和刀片应放锐器容器。
English: Contaminated gloves are non-sharp solid biological waste placed in a biohazard bag; needles and blades go in sharps containers."
F4 Chp 1,radio,SelangorSet22024_Q02,A,B,C,D,A,Selangor Set 2 2024/Picture2.png,"中文：血液是液体生物废物，按课本须先高压蒸汽灭菌去污染，再按规定处理。
English: Blood is liquid biological waste; the textbook requires autoclave decontamination before disposal."
F4 Chp 1,radio,Smka2024_Q02,A,B,C,D,D,SMKA 2024/Picture2.png,"中文：动物尸体属于 C 类生物废物，须用吸收材料包裹、密封在生物危害袋中并冷冻后处理。
English: Animal carcasses are Category C biological waste, wrapped in absorbent material, sealed in biohazard bags and frozen before disposal."
F4 Chp 10,radio,Melaka2024_Q15,A,B,C,D,B,Melaka 2024/Picture15.png,"中文：按课本食物抗氧化物例子，绿色蔬菜含叶黄素 lutein。
English: The textbook associates green vegetables with the antioxidant lutein."
F4 Chp 10,radio,Pahang2024_Q15,A,B,C,D,A,Pahang 2024/Picture15.png,"中文：按课本对疗法的描述，使用高度稀释的物质以刺激身体抵抗力的是顺势疗法；这里是在辨认疗法名称。
English: The textbook identifies homeopathy as using highly diluted substances to stimulate the body's resistance; this question asks for the therapy's name."
F4 Chp 10,radio,Pahang2024_Q16,A,B,C,D,D,Pahang 2024/Picture16.png,"中文：身体的代谢过程可产生自由基，因此属于体内来源；辐射、污染和烟雾等属外在因素。
English: Metabolic processes can produce free radicals inside the body, whereas radiation, pollution and smoke are external sources."
F4 Chp 10,radio,Kedah2024_Q17,A,B,C,D,A,Kedah 2024/Picture17.png,"中文：较快的治疗、临床验证及较高费用，是题目对现代医学的描述。
English: Faster treatment, clinical testing and higher costs match the question's description of modern medicine."
F4 Chp 10,radio,PenangSet12024_Q17,A,B,C,D,D,Penang Set 1 2024/Picture17.png,"中文：代谢和发炎发生于身体内部，可产生自由基；烟雾、阳光和外来辐射属于外在来源。
English: Metabolism and inflammation occur inside the body and can generate free radicals; smoke, sunlight and external radiation are external sources."
F4 Chp 10,radio,PenangSet22024_Q17,A,B,C,D,C,Penang Set 2 2024/Picture17.png,"中文：P 是导致细胞损伤和老化的自由基；发炎是体内产生自由基的因素。
English: P represents free radicals that damage cells and contribute to ageing; inflammation is an internal source of free radicals."
F4 Chp 10,radio,SelangorSet12024_Q17,A,B,C,D,C,Selangor Set 1 2024/Picture17.png,"中文：题表中 12 岁及以上是 30 mg、每 6－8 小时；C 的 30 mg 每 7 小时符合题表要求。
English: The question's table specifies 30 mg every 6–8 hours for ages 12 and above; C, 30 mg every 7 hours, fits that table."
F4 Chp 10,radio,SelangorSet22024_Q17,A,B,C,D,A,Selangor Set 2 2024/Picture17.png,"中文：题表中 6 岁组是 7 mg、每 4 小时，A 正好符合题表的年龄组、剂量和间隔。
English: The table gives 7 mg every 4 hours for the six-year-old group; A matches the question's age group, dose and interval."
F4 Chp 10,radio,Kedah2024_Q18,A,B,C,D,B,Kedah 2024/Picture18.png,"中文：香烟烟雾中的有害物质促进自由基形成，增加细胞的氧化损伤。
English: Harmful substances in cigarette smoke increase free-radical formation and oxidative damage to cells."
F4 Chp 10,radio,NegeriSembilan2024_Q18,A,B,C,D,C,Negeri Sembilan 2024/Picture18.png,"中文：抗坏血酸即维生素 C，能抑制食物氧化；酒石黄是色素，乙酸辛酯是香味剂。
English: Ascorbic acid is vitamin C and inhibits oxidation; tartrazine is a colouring and octyl ethanoate a flavouring."
F4 Chp 10,radio,PenangSet12024_Q18,A,B,C,D,C,Penang Set 1 2024/Picture18.png,"中文：柠檬汁含维生素 C 等抗氧化物，可减慢切开水果的氧化褐变。
English: Lemon juice contains antioxidants such as vitamin C that slow oxidative browning in cut fruit."
F4 Chp 10,radio,PenangSet22024_Q18,A,B,C,D,C,Penang Set 2 2024/Picture18.png,"中文：柠檬汁含抗氧化物，如维生素 C，可减慢苹果切面氧化而变褐的过程。
English: Lemon juice contains antioxidants such as vitamin C that slow oxidation and browning of cut apples."
F4 Chp 10,radio,SelangorSet12024_Q18,A,B,C,D,C,Selangor Set 1 2024/Picture18.png,"中文：芒果和胡萝卜都含 β-胡萝卜素，属于相同类型的抗氧化物来源。
English: Mangoes and carrots both contain beta-carotene, making them sources of the same antioxidant."
F4 Chp 10,radio,SelangorSet22024_Q18,A,B,C,D,D,Selangor Set 2 2024/Picture18.png,"中文：番茄和西瓜都含番茄红素，是相同抗氧化物的食物来源。
English: Tomatoes and watermelon both contain lycopene, making them sources of the same antioxidant."
F4 Chp 10,radio,Kedah2024_Q19,A,B,C,D,D,Kedah 2024/Picture19.png,"中文：胡萝卜含 β-胡萝卜素，是具有抗氧化作用的色素，也能在体内转化为维生素 A。
English: Carrots contain beta-carotene, an antioxidant pigment that can also be converted into vitamin A."
F4 Chp 10,radio,Kelantan2024_Q19,A,B,C,D,A,Kelantan 2024/Picture19.png,"中文：炎症发生在身体内部，是产生自由基的内部因素；烟雾、紫外线及环境毒物是外部因素。
English: Inflammation is an internal source of free radicals; smoke, ultraviolet radiation and environmental toxins are external factors."
F4 Chp 10,radio,KelantanYik2024_Q19,A,B,C,D,A,Kelantan YIK 2024/Picture19.png,"中文：代谢发生在体内，可产生自由基，是内部因素；辐射、空气污染及紫外线是外部因素。
English: Metabolism occurs inside the body and can produce free radicals; radiation, air pollution and ultraviolet exposure are external factors."
F4 Chp 10,radio,Perak2024_Q19,A,B,C,D,D,Perak 2024/Picture19.png,"中文：胡萝卜和番薯含 β-胡萝卜素，是课本列出的抗氧化物之一。
English: Carrots and sweet potatoes contain beta-carotene, one of the antioxidants listed in the textbook."
F4 Chp 10,radio,KelantanYik2024_Q20,A,B,C,D,B,Kelantan YIK 2024/Picture20.png,"中文：胡萝卜的橙色色素含 β-胡萝卜素，是课本列出的抗氧化物。
English: Carrots contain the orange pigment beta-carotene, an antioxidant listed in the textbook."
F4 Chp 10,radio,Smka2024_Q20,A,B,C,D,B,SMKA 2024/Picture20.png,"中文：没有按题目要求完成疗程，部分细菌可能仍存活并再次繁殖，因此疾病可能复发。
English: Not completing the course specified in the question may leave bacteria alive to multiply again, allowing the illness to recur."
F4 Chp 10,radio,Smka2024_Q21,A,B,C,D,C,SMKA 2024/Picture21.png,"中文：盐水可减慢切开苹果的酶促氧化和褐变，是选项中适合减慢 P 的材料。
English: Salt solution can slow enzymatic oxidation and browning of cut apples, making it the suitable listed material for slowing P."
F4 Chp 11,radio,Melaka2024_Q16,A,B,C,D,A,Melaka 2024/Picture16.png,"中文：OP 在位移—时间图上是直线，斜率恒定，表示匀速；速度 = 50/2 = 25 m/s。
English: OP is a straight line on a displacement–time graph, indicating constant velocity: 50/2 = 25 m/s."
F4 Chp 11,radio,Melaka2024_Q17,A,B,C,D,C,Melaka 2024/Picture17.png,"中文：从静止落下，加速度 = (30 − 0)/3 = 10.0 m/s²，采用题目给的数据。
English: Starting from rest, acceleration = (30 − 0)/3 = 10.0 m/s² using the given data."
F4 Chp 11,radio,Pahang2024_Q17,A,B,C,D,B,Pahang 2024/Picture17.png,"中文：加速度＝(25－0)÷10＝2.5 m/s²。
English: Acceleration = (25 − 0) ÷ 10 = 2.5 m/s²."
F4 Chp 11,radio,Melaka2024_Q18,A,B,C,D,D,Melaka 2024/Picture18.png,"中文：飞机质量大、惯性大，较难改变运动状态，需要较长距离减速停止。
English: A massive aircraft has greater inertia and needs more distance to slow down and stop."
F4 Chp 11,radio,Pahang2024_Q18,A,B,C,D,C,Pahang 2024/Picture18.png,"中文：装沙的罐质量较大，惯性较大，更抗拒运动状态改变，因此摆动持续较久。
English: The sand-filled can has greater mass and inertia, resisting changes in motion and continuing to oscillate longer."
F4 Chp 11,radio,NegeriSembilan2024_Q19,A,B,C,D,D,Negeri Sembilan 2024/Picture19.png,"中文：最后 4 秒速度由 12 降至 0，加速度 = (0 − 12)/(10 − 6) = −3.0 m/s²。
English: In the last four seconds, acceleration = (0 − 12)/(10 − 6) = −3.0 m/s²."
F4 Chp 11,radio,PenangSet12024_Q19,A,B,C,D,B,Penang Set 1 2024/Picture19.png,"中文：OP 是斜率固定的直线，表示匀速；PQ 是水平线，位移不变，所以速度为零。
English: OP has a constant slope, indicating uniform velocity; PQ is horizontal with unchanged displacement, so velocity is zero."
F4 Chp 11,radio,PenangSet22024_Q19,A,B,C,D,D,Penang Set 2 2024/Picture19.png,"中文：RS 沿时间轴，速度一直为零，所以速度不变、加速度也为零。
English: RS lies along the time axis with velocity constantly zero, so acceleration is also zero."
F4 Chp 11,radio,SelangorSet12024_Q19,A,B,C,D,D,Selangor Set 1 2024/Picture19.png,"中文：自由落体只受重力作用，所以影响其运动的是地球引力，不是形状或空气阻力。
English: Free fall occurs under gravity alone, so gravitational force governs it rather than shape or air resistance."
F4 Chp 11,radio,SelangorSet22024_Q19,A,B,C,D,B,Selangor Set 2 2024/Picture19.png,"中文：真空中没有空气阻力，物体只受重力作用，因此能表现理想自由落体。
English: A vacuum has no air resistance, allowing ideal free fall under gravity alone."
F4 Chp 11,radio,Kedah2024_Q20,A,B,C,D,B,Kedah 2024/Picture20.png,"中文：PQ 为上升直线，速度均匀增加，所以加速度恒定；其斜率 = (3 − 1)/(8 − 4) = 0.5 m/s²。
English: PQ is a rising straight line, so velocity increases with uniform acceleration: (3 − 1)/(8 − 4) = 0.5 m/s²."
F4 Chp 11,radio,Kelantan2024_Q20,A,B,C,D,C,Kelantan 2024/Picture20.png,"中文：平均速率 = 路程 ÷ 时间 = 200 ÷ 25 = 8.0 m/s。
English: Average speed = distance ÷ time = 200 ÷ 25 = 8.0 m/s."
F4 Chp 11,radio,NegeriSembilan2024_Q20,A,B,C,D,A,Negeri Sembilan 2024/Picture20.png,"中文：有空气时羽毛受较明显阻力，落后硬币；真空中两者只受重力，以相同加速度下落。
English: In air, drag slows the feather more than the coin; in a vacuum, both experience only gravity and fall with the same acceleration."
F4 Chp 11,radio,PenangSet12024_Q20,A,B,C,D,A,Penang Set 1 2024/Picture20.png,"中文：自由落体是物体只受重力作用的运动，不考虑空气阻力。
English: Free fall is motion under gravitational force alone, without considering air resistance."
F4 Chp 11,radio,PenangSet22024_Q20,A,B,C,D,B,Penang Set 2 2024/Picture20.png,"中文：硬币因惯性倾向保持静止，纸板迅速被拉走后，硬币在重力作用下落入杯中。
English: Inertia makes the coin tend to remain at rest; after the cardboard is pulled away quickly, gravity makes it fall into the glass."
F4 Chp 11,radio,Perak2024_Q20,A,B,C,D,B,Perak 2024/Picture20.png,"中文：加速度＝(20－0)÷10＝2 m/s²。
English: Acceleration = (20 − 0) ÷ 10 = 2 m/s²."
F4 Chp 11,radio,Kedah2024_Q21,A,B,C,D,C,Kedah 2024/Picture21.png,"中文：车辆急转弯时，乘客身体仍倾向保持原来运动方向，这种现象称为惯性。
English: When a vehicle turns suddenly, the passenger's body tends to continue in its previous direction due to inertia."
F4 Chp 11,radio,Kelantan2024_Q21,A,B,C,D,B,Kelantan 2024/Picture21.png,"中文：8 至 12 秒速度由 3 降至 0 m/s，加速度 = (0 − 3)/(12 − 8) = −0.75 m/s²。
English: From 8 to 12 s, velocity drops from 3 to 0 m/s; acceleration = (0 − 3)/(12 − 8) = −0.75 m/s²."
F4 Chp 11,radio,KelantanYik2024_Q21,A,B,C,D,D,Kelantan YIK 2024/Picture21.png,"中文：现有答案 D 表示加速，判断规则是依时间顺序点距逐渐增加。图上运动箭头与点距方向容易混淆，若按箭头直接从左至右读则像减速，需核对题图标示。
English: The key D means acceleration, identified by increasing spacing in chronological order. The direction arrow and spacing are ambiguous: reading left to right along the arrow appears to show deceleration, so the diagram needs clarification."
F4 Chp 11,radio,Perak2024_Q21,A,B,C,D,B,Perak 2024/Picture21.png,"中文：课本以真空示范真正的自由落体，因为没有空气阻力，物体只受重力作用。
English: The textbook demonstrates ideal free fall in a vacuum, where there is no air resistance and gravity is the only force."
F4 Chp 11,radio,KelantanYik2024_Q22,A,B,C,D,A,Kelantan YIK 2024/Picture22.png,"中文：真空没有空气阻力，自由落体只受重力作用。
English: There is no air resistance in a vacuum, so a freely falling object is acted on only by gravity."
F4 Chp 11,radio,Perak2024_Q22,A,B,C,D,D,Perak 2024/Picture22.png,"中文：卡车质量大，惯性大，较难改变运动状态，因此较难停下。
English: The truck's large mass gives it greater inertia, making its motion harder to change and stop."
F4 Chp 11,radio,Smka2024_Q22,A,B,C,D,A,SMKA 2024/Picture22.png,"中文：位移－时间图的斜率表示速度；曲线越来越陡，所以速度逐渐增加。
English: The slope of a displacement–time graph represents velocity; the increasingly steep curve shows increasing velocity."
F4 Chp 11,radio,Smka2024_Q23,A,B,C,D,D,SMKA 2024/Picture23.png,"中文：装水的罐质量较大、惯性较大，较抗拒运动状态改变，因此较迟停止摆动。
English: The water-filled can has greater mass and inertia and resists changes in motion, so it stops oscillating later."
F4 Chp 12,radio,Melaka2024_Q19,A,B,C,D,A,Melaka 2024/Picture19.png,"中文：图示轻原子核结合释放能量，是核聚变；太阳靠核聚变发光发热。
English: The diagram shows light nuclei combining and releasing energy, identifying nuclear fusion, the source of the Sun's energy."
F4 Chp 12,radio,Pahang2024_Q19,A,B,C,D,B,Pahang 2024/Picture19.png,"中文：缺乏其他能源的国家可利用核能提供大量电力，这是采用核能的重要原因。
English: Countries lacking other energy resources can use nuclear power to generate large amounts of electricity."
F4 Chp 12,radio,Melaka2024_Q20,A,B,C,D,B,Melaka 2024/Picture20.png,"中文：核电站需要大量冷却水带走热量，并把蒸汽冷凝，靠近水源便于冷却。
English: A nuclear power station needs cooling water to remove heat and condense steam, so a nearby water source supports cooling."
F4 Chp 12,radio,Pahang2024_Q20,A,B,C,D,D,Pahang 2024/Picture20.png,"中文：按本题课本分类，白血病和白内障列为体细胞效应；细胞突变及后代畸形列为遗传效应，因此 D 配对正确。
English: Under this question's textbook classification, leukaemia and cataracts are somatic effects, while cell mutations and offspring deformities are genetic effects, matching D."
F4 Chp 12,radio,SelangorSet12024_Q20,A,B,C,D,D,Selangor Set 1 2024/Picture20.png,"中文：限制核武扩散能减少有害辐射及遗传损伤风险，其中可包括后代身体畸形。
English: Limiting nuclear weapons proliferation reduces harmful radiation and genetic-damage risks, including physical deformities in offspring."
F4 Chp 12,radio,SelangorSet22024_Q20,A,B,C,D,D,Selangor Set 2 2024/Picture20.png,"中文：控制核武扩散可减少辐射暴露及遗传损伤风险，包括后代身体畸形。
English: Controlling nuclear weapons proliferation reduces radiation exposure and genetic-damage risks, including physical deformities in offspring."
F4 Chp 12,radio,NegeriSembilan2024_Q21,A,B,C,D,D,Negeri Sembilan 2024/Picture21.png,"中文：核能先变热能，蒸汽带动涡轮形成动能，再由发电机变为电能。
English: Nuclear energy becomes heat, steam turns the turbine to provide kinetic energy, and the generator produces electrical energy."
F4 Chp 12,radio,PenangSet12024_Q21,A,B,C,D,B,Penang Set 1 2024/Picture21.png,"中文：按本题课本分类，白血病是辐射造成的体细胞效应，影响受照者本身。
English: Under this question's textbook classification, leukaemia is a somatic effect of radiation affecting the exposed individual."
F4 Chp 12,radio,PenangSet22024_Q21,A,B,C,D,B,Penang Set 2 2024/Picture21.png,"中文：按本题课本分类，白血病是辐射的体细胞效应，影响受照者本身。
English: Under this question's textbook classification, leukaemia is a somatic effect of radiation affecting the exposed person."
F4 Chp 12,radio,Kedah2024_Q22,A,B,C,D,B,Kedah 2024/Picture22.png,"中文：反应堆中的重原子核分裂，释放热能来加热冷却介质，属于核裂变。
English: Heavy nuclei split in the reactor, releasing heat to warm the coolant; this process is nuclear fission."
F4 Chp 12,radio,Kelantan2024_Q22,A,B,C,D,D,Kelantan 2024/Picture22.png,"中文：厚混凝土屏蔽吸收辐射，防止反应堆的放射线泄漏到外部。
English: Thick concrete shielding absorbs radiation and prevents radiation escaping from the reactor."
F4 Chp 12,radio,NegeriSembilan2024_Q22,A,B,C,D,D,Negeri Sembilan 2024/Picture22.png,"中文：核电能提供大量电力，替代部分化石燃料；建设费用高和废料管理是限制而非优点。
English: Nuclear power can replace some fossil-fuel electricity generation; high construction costs and waste management are limitations rather than advantages."
F4 Chp 12,radio,PenangSet12024_Q22,A,B,C,D,A,Penang Set 1 2024/Picture22.png,"中文：放射性废料会释放电离辐射，若处理不当可损害人体健康，这是核能的负面影响。
English: Radioactive waste emits ionising radiation and can harm human health if mishandled, a disadvantage of nuclear energy."
F4 Chp 12,radio,PenangSet22024_Q22,A,B,C,D,A,Penang Set 2 2024/Picture22.png,"中文：核电站产生的放射性废料若处理不当，会释放有害辐射并影响健康。
English: Radioactive waste from nuclear power stations can release harmful radiation and affect health if mishandled."
F4 Chp 12,radio,Kedah2024_Q23,A,B,C,D,D,Kedah 2024/Picture23.png,"中文：核反应产生的电离辐射可能损伤 DNA、造成突变，从而增加癌症风险。
English: Ionising radiation from nuclear reactions can damage DNA and cause mutations, increasing cancer risk."
F4 Chp 12,radio,Kelantan2024_Q23,A,B,C,D,A,Kelantan 2024/Picture23.png,"中文：按课本分类，恶心是躯体效应，癌症是辐射引起突变所关联的遗传效应，所以选 A。
English: Under the textbook classification, nausea is a somatic effect and cancer is associated with radiation-induced mutation as a genetic effect, giving A."
F4 Chp 12,radio,KelantanYik2024_Q23,A,B,C,D,A,Kelantan YIK 2024/Picture23.png,"中文：缺乏煤、石油等其他能源，是国家采用核能的重要原因；核电并不要求低技术或便宜建设。
English: A shortage of other energy resources supports choosing nuclear power; it does not imply low technology or cheap construction."
F4 Chp 12,radio,Perak2024_Q23,A,B,C,D,D,Perak 2024/Picture23.png,"中文：核能是可替代石油和煤来发电的能源，但不是可再生能源，而且废料须妥善处理。
English: Nuclear energy can replace petroleum and coal for electricity generation, but is not renewable and its waste requires proper management."
F4 Chp 12,radio,Smka2024_Q24,A,B,C,D,B,SMKA 2024/Picture24.png,"中文：电离辐射可杀死医疗器具上的微生物，因此方便进行灭菌。
English: Ionising radiation can kill microorganisms on medical equipment, facilitating sterilisation."
F4 Chp 12,radio,Smka2024_Q25,A,B,C,D,A,SMKA 2024/Picture25.png,"中文：太阳有大量氢以及极高温度，使轻原子核持续融合并释放能量。
English: The Sun has abundant hydrogen and extremely high temperatures, enabling continuous fusion of light nuclei and energy release."
F4 Chp 2,radio,Kedah2024_Q02,A,B,C,D,A,Kedah 2024/Picture2.png,"中文：双手抓住颈部是哽塞的典型求救动作，表示食物可能堵住气道，题目对应 Heimlich Manoeuvre。
English: Holding the neck with both hands is a typical choking sign, indicating an obstructed airway and matching the Heimlich manoeuvre in this question."
F4 Chp 2,radio,Melaka2024_Q02,A,B,C,D,C,Melaka 2024/Picture2.png,"中文：题目问第一步，先把手放在肚脐和肋骨下缘之间，再进行腹部向内上方的动作。
English: The question asks for the first step: position the hands between the navel and lower ribs before applying the abdominal thrust."
F4 Chp 2,radio,NegeriSembilan2024_Q02,A,B,C,D,B,Negeri Sembilan 2024/Picture2.png,"中文：按课本图序，先检查反应（4）、打开气道和检查呼吸（3）、胸外按压（1）、人工呼吸（2）。
English: The textbook diagram order is checking response (4), opening the airway and checking breathing (3), chest compressions (1), then rescue breaths (2)."
F4 Chp 2,radio,Kelantan2024_Q03,A,B,C,D,A,Kelantan 2024/Picture3.png,"中文：Heimlich Manoeuvre 用于题目所指的哽塞，帮助把堵塞气道的异物排出。
English: The Heimlich manoeuvre addresses the choking described by helping expel an object blocking the airway."
F4 Chp 2,radio,KelantanYik2024_Q03,A,B,C,D,A,Kelantan YIK 2024/Picture3.png,"中文：溺水者可能停止呼吸或心跳，题目配对为心肺复苏 CPR；Heimlich 则对应哽塞。
English: A drowning victim may have stopped breathing or circulation, matching CPR; the Heimlich manoeuvre matches choking."
F4 Chp 2,radio,Pahang2024_Q03,A,B,C,D,B,Pahang 2024/Picture3.png,"中文：哈姆立克法通过腹部向内向上挤压，增加肺内压力，把阻塞气道的异物推出。
English: The Heimlich manoeuvre increases pressure in the lungs through inward and upward abdominal thrusts, expelling the airway obstruction."
F4 Chp 2,radio,PenangSet12024_Q03,A,B,C,D,C,Penang Set 1 2024/Picture3.png,"中文：胸外按压帮助维持血液循环，把血液送往身体各处。
English: Chest compressions help maintain circulation and move blood around the body."
F4 Chp 2,radio,PenangSet22024_Q03,A,B,C,D,C,Penang Set 2 2024/Picture3.png,"中文：图中是人工呼吸，把空气送入肺部，使氧气能够进入血液并供应身体细胞。
English: The diagram shows rescue breaths, introducing air into the lungs so oxygen can enter the blood and reach body cells."
F4 Chp 2,radio,Perak2024_Q03,A,B,C,D,D,Perak 2024/Picture3.png,"中文：K 是胸外按压，借外力压迫胸部产生人工血液循环，维持重要器官的血液供应。
English: K is chest compression, using external pressure to produce artificial circulation and maintain blood supply to vital organs."
F4 Chp 2,radio,SelangorSet12024_Q03,A,B,C,D,C,Selangor Set 1 2024/Picture3.png,"中文：哈姆立克法用于异物阻塞气道的哽塞者，通过增加肺内压力排出异物。
English: The Heimlich manoeuvre is intended for choking caused by an airway obstruction, increasing lung pressure to expel the object."
F4 Chp 2,radio,SelangorSet22024_Q03,A,B,C,D,C,Selangor Set 2 2024/Picture3.png,"中文：哈姆立克法的目的是排出阻塞气道的异物，帮助哽塞者恢复呼吸。
English: The Heimlich manoeuvre aims to expel an airway obstruction and help a choking victim breathe again."
F4 Chp 2,radio,Smka2024_Q03,A,B,C,D,D,SMKA 2024/Picture3.png,"中文：按课本顺序，先检查反应 M、打开气道 S、胸外按压 P、人工呼吸 Q，所以是 M、S、P、Q。
English: The textbook sequence is checking response M, opening the airway S, chest compressions P and rescue breaths Q: M, S, P, Q."
F4 Chp 2,radio,Kelantan2024_Q04,A,B,C,D,C,Kelantan 2024/Picture4.png,"中文：胸外按压暂时承担心脏泵血功能，使血液继续流向脑部等重要器官。
English: Chest compressions temporarily circulate blood by providing artificial pumping when the heart cannot pump effectively."
F4 Chp 2,radio,KelantanYik2024_Q04,A,B,C,D,A,Kelantan YIK 2024/Picture4.png,"中文：腹部向内上方的冲击提高胸肺内压力，推动气流把气道异物排出。
English: An inward and upward abdominal thrust raises pressure in the lungs, forcing air out to expel the obstruction."
F4 Chp 2,radio,PenangSet12024_Q04,A,B,C,D,C,Penang Set 1 2024/Picture4.png,"中文：题图是独处时哽塞；按课本步骤，把拳头放在肚脐上方、肋骨下方，借椅背施压以排出异物。
English: The diagram shows choking while alone; the textbook procedure places a fist above the navel and below the ribs and uses a chair edge to apply pressure and expel the obstruction."
F4 Chp 2,radio,PenangSet22024_Q04,A,B,C,D,A,Penang Set 2 2024/Picture4.png,"中文：按课本哈姆立克法的步骤，先站在受害者后方，让她身体稍微向前倾，再进行后续动作。
English: In the textbook Heimlich sequence, first stand behind the victim and lean her slightly forward before the subsequent steps."
F4 Chp 3,radio,Kedah2024_Q03,A,B,C,D,D,Kedah 2024/Picture3.png,"中文：运动员心肌较强，每次心跳泵出的血较多，休息时较少次心跳已能供应足够血液。
English: An athlete's stronger heart pumps more blood per beat, so fewer beats are needed to supply the body at rest."
F4 Chp 3,radio,Melaka2024_Q03,A,B,C,D,B,Melaka 2024/Picture3.png,"中文：按课本分类，125/83 mmHg 属正常范围；最佳值类别比正常范围更低。
English: Under the textbook classification, 125/83 mmHg is normal; the optimum category has lower values."
F4 Chp 3,radio,NegeriSembilan2024_Q03,A,B,C,D,D,Negeri Sembilan 2024/Picture3.png,"中文：题目显示血压偏高，课程建议减少高盐食物摄入，钠摄入过多与血压升高有关。
English: For the raised blood pressure shown, the syllabus suggests reducing high-salt foods because excess sodium is associated with higher pressure."
F4 Chp 3,radio,Kedah2024_Q04,A,B,C,D,A,Kedah 2024/Picture4.png,"中文：课本采用的正常血压参考值是 120/80 mmHg，分别代表收缩压和舒张压。
English: The textbook reference for normal blood pressure is 120/80 mmHg, representing systolic and diastolic pressure respectively."
F4 Chp 3,radio,Pahang2024_Q04,A,B,C,D,A,Pahang 2024/Picture4.png,"中文：年龄会影响脉搏率，通常儿童的静息脉搏比成年人快。
English: Age affects pulse rate; children generally have a faster resting pulse than adults."
F4 Chp 3,radio,Perak2024_Q04,A,B,C,D,C,Perak 2024/Picture4.png,"中文：运动越剧烈，肌肉耗氧越多，心脏需更快泵血，脉搏率就越高。
English: More vigorous activity increases muscle oxygen demand, requiring faster heart pumping and a higher pulse rate."
F4 Chp 3,radio,SelangorSet12024_Q04,A,B,C,D,B,Selangor Set 1 2024/Picture4.png,"中文：读数为 118/70 mmHg，收缩压低于 120、舒张压低于 80，按课本分类属于理想血压。
English: The reading is 118/70 mmHg; systolic pressure is below 120 and diastolic below 80, classified as optimal in the textbook."
F4 Chp 3,radio,SelangorSet22024_Q04,A,B,C,D,A,Selangor Set 2 2024/Picture4.png,"中文：图中读数是 120/80 mmHg，按课本分类属于正常血压；理想血压则低于 120/80。
English: The reading is 120/80 mmHg, classified as normal in the textbook; optimal blood pressure is below 120/80."
F4 Chp 3,radio,Smka2024_Q04,A,B,C,D,B,SMKA 2024/Picture4.png,"中文：仪器的上方数值是收缩压 118 mmHg，中间是舒张压 65 mmHg，下方脉搏为 76 次/分钟。
English: The upper reading is systolic pressure, 118 mmHg; the middle is diastolic pressure, 65 mmHg; the lower pulse reading is 76 beats per minute."
F4 Chp 3,radio,Kelantan2024_Q05,A,B,C,D,B,Kelantan 2024/Picture5.png,"中文：按课本图示，带短探头和数字显示的这一款是肛温计，可用来测量直肠体温。
English: In the textbook illustration, this short-probe digital model is a rectal thermometer for measuring rectal temperature."
F4 Chp 3,radio,KelantanYik2024_Q05,A,B,C,D,D,Kelantan YIK 2024/Picture5.png,"中文：临床体温计的狭窄处阻止水银立即回流，让取出口腔后仍能读取最高温度。
English: The constriction stops mercury flowing back immediately, retaining the reading after the thermometer is removed from the mouth."
F4 Chp 3,radio,Pahang2024_Q05,A,B,C,D,B,Pahang 2024/Picture5.png,"中文：BMI＝60÷1.70²＝20.76 kg/m²，落在正常、理想体重范围。
English: BMI = 60 ÷ 1.70² = 20.76 kg/m², which lies within the desirable weight range."
F4 Chp 3,radio,PenangSet12024_Q05,A,B,C,D,D,Penang Set 1 2024/Picture5.png,"中文：红外线温度计检测身体发出的红外线，无须接触身体即可测量体温。
English: An infrared thermometer detects infrared radiation from the body and measures temperature without contact."
F4 Chp 3,radio,PenangSet22024_Q05,A,B,C,D,A,Penang Set 2 2024/Picture5.png,"中文：图中是红外线温度计，检测人体发出的红外线来测量体温。
English: The device is an infrared thermometer, which detects infrared radiation emitted by the body to measure temperature."
F4 Chp 3,radio,Perak2024_Q05,A,B,C,D,C,Perak 2024/Picture5.png,"中文：图中仪器测量血压，常用单位是毫米汞柱 mmHg。
English: The instrument measures blood pressure, commonly expressed in millimetres of mercury, mmHg."
F4 Chp 3,radio,SelangorSet12024_Q05,A,B,C,D,C,Selangor Set 1 2024/Picture5.png,"中文：BMI＝57÷1.52²＝24.67 kg/m²，按选项取约 24.70 kg/m²。
English: BMI = 57 ÷ 1.52² = 24.67 kg/m², approximately 24.70 kg/m² as listed."
F4 Chp 3,radio,SelangorSet22024_Q05,A,B,C,D,B,Selangor Set 2 2024/Picture5.png,"中文：BMI＝78÷1.70²＝26.99 kg/m²。
English: BMI = 78 ÷ 1.70² = 26.99 kg/m²."
F4 Chp 3,radio,Smka2024_Q05,A,B,C,D,C,SMKA 2024/Picture5.png,"中文：Mashitah 的 BMI 20.1 在理想范围；Athirah 的 33.4 超过肥胖界限 30，所以 C 正确。
English: Mashitah's BMI of 20.1 is desirable; Athirah's 33.4 exceeds the obesity threshold of 30, matching C."
F4 Chp 3,radio,Kelantan2024_Q06,A,B,C,D,C,Kelantan 2024/Picture6.png,"中文：题目问高血压的风险，138/87 mmHg 属课本的偏高或前期风险范围；160/95 已属于明显高血压。
English: The question asks about risk: 138/87 mmHg is in the textbook's raised or prehypertensive range, while 160/95 already indicates high blood pressure."
F4 Chp 3,radio,KelantanYik2024_Q06,A,B,C,D,D,Kelantan YIK 2024/Picture6.png,"中文：按课本 BMI 分类，25–29.9 kg/m² 为超重，所以 26.58 属超重而非肥胖。
English: The textbook BMI range 25–29.9 kg/m² is overweight, so 26.58 is overweight rather than obese."
F4 Chp 3,radio,PenangSet12024_Q06,A,B,C,D,C,Penang Set 1 2024/Picture6.png,"中文：跳跃活动强度最高，肌肉需要更多氧气和能量，所以脉搏率最高。
English: Jumping is the most vigorous activity listed; muscles need more oxygen and energy, so pulse rate is highest."
F4 Chp 3,radio,PenangSet22024_Q06,A,B,C,D,B,Penang Set 2 2024/Picture6.png,"中文：躺在沙发上时身体活动少、氧气需求低，脉搏率通常最低。
English: Lying on a sofa involves little activity and low oxygen demand, so pulse rate is usually lowest."
F4 Chp 3,radio,Kelantan2024_Q07,A,B,C,D,C,Kelantan 2024/Picture7.png,"中文：BMI = 73 ÷ 1.6² = 28.5156，约 28.5 kg/m²。
English: BMI = 73 ÷ 1.6² = 28.5156, approximately 28.5 kg/m²."
F4 Chp 4,radio,Melaka2024_Q04,A,B,C,D,A,Melaka 2024/Picture4.png,"中文：绿色交通层级中，步行之上的 X 是自行车，不需燃料，污染较少。
English: X above walking is cycling, which requires no fuel and produces little direct pollution."
F4 Chp 4,radio,NegeriSembilan2024_Q04,A,B,C,D,C,Negeri Sembilan 2024/Picture4.png,"中文：把稻草售作可生物降解包装原料，既减少烧草，也给农民带来额外收入，符合题目对农民的利益。
English: Selling straw for biodegradable packaging avoids burning and provides additional income, matching the benefit to farmers asked here."
F4 Chp 4,radio,Kedah2024_Q05,A,B,C,D,D,Kedah 2024/Picture5.png,"中文：按答案，回收电子废物中的金属可减少废物内有害材料流入环境；制造奖牌也体现资源循环利用。
English: According to the key, recovering metals from electronic waste reduces harmful materials entering the environment and supports resource recycling."
F4 Chp 4,radio,NegeriSembilan2024_Q05,A,B,C,D,B,Negeri Sembilan 2024/Picture5.png,"中文：A 是私人车辆，排放较高；B 是步行，直接燃料消耗最低。
English: A represents individual vehicles with higher emissions; B is walking with no direct fuel consumption."
F4 Chp 4,radio,Kedah2024_Q06,A,B,C,D,A,Kedah 2024/Picture6.png,"中文：二氧化硫溶入雨水形成酸雨，损伤树叶及森林，因此工厂附近树木可受影响。
English: Sulphur dioxide forms acid rain when dissolved in rainwater, damaging leaves and forests near industrial areas."
F4 Chp 4,radio,Pahang2024_Q06,A,B,C,D,A,Pahang 2024/Picture6.png,"中文：图中是风力发电机，利用风能发电，运作时不燃烧化石燃料，因此产生清洁能源。
English: The wind turbines generate electricity from wind without burning fossil fuels during operation, producing clean energy."
F4 Chp 4,radio,Perak2024_Q06,A,B,C,D,A,Perak 2024/Picture6.png,"中文：图中电动车行驶时没有燃烧燃料所产生的尾气，因此课本所指优势是减少直接温室气体排放。
English: The electric car produces no combustion exhaust while driving, so the textbook advantage refers to reduced direct greenhouse-gas emissions."
F4 Chp 4,radio,SelangorSet12024_Q06,A,B,C,D,A,Selangor Set 1 2024/Picture6.png,"中文：按答案及本题课本内容，纸张是固体废物的重要主要来源；可通过减少用纸、再用和回收处理。
English: Following the key and the textbook context, paper is a major contributor to solid waste; reduction, reuse and recycling can reduce it."
F4 Chp 4,radio,SelangorSet22024_Q06,A,B,C,D,A,Selangor Set 2 2024/Picture6.png,"中文：废弃纸张增加固体废物，属于废物与废水管理领域需要处理的环境问题。
English: Discarded paper adds to solid waste, an environmental issue addressed by waste and wastewater management."
F4 Chp 4,radio,Smka2024_Q06,A,B,C,D,B,SMKA 2024/Picture6.png,"中文：车辆发动机燃烧燃料释放二氧化碳等温室气体，增加全球暖化，是交通领域的社会科学议题。
English: Vehicle engines burn fuel and release greenhouse gases such as carbon dioxide, contributing to warming and a transportation socio-scientific issue."
F4 Chp 4,radio,KelantanYik2024_Q07,A,B,C,D,B,Kelantan YIK 2024/Picture7.png,"中文：排放前处理工厂废水能移除污染物；把污水改排海洋只是转移污染。
English: Treating effluent before discharge removes pollutants; releasing it into the sea only transfers the pollution."
F4 Chp 4,radio,Pahang2024_Q07,A,B,C,D,B,Pahang 2024/Picture7.png,"中文：绿色交通层级中，步行后是自行车；P 所示的低层位置代表自行车，使用时不排放废气。
English: In the green transport hierarchy, cycling follows walking. P represents bicycles, which produce no exhaust during use."
F4 Chp 4,radio,PenangSet12024_Q07,A,B,C,D,A,Penang Set 1 2024/Picture7.png,"中文：燃烧活动释放二氧化碳，增强温室效应而导致全球暖化，A 的气体与影响配对正确。
English: Combustion releases carbon dioxide, strengthening the greenhouse effect and causing global warming, matching A."
F4 Chp 4,radio,PenangSet22024_Q07,A,B,C,D,B,Penang Set 2 2024/Picture7.png,"中文：砍伐森林使土壤失去树根固定，也减少雨水吸收，造成侵蚀、闪电水灾和栖息地破坏。
English: Deforestation removes roots that hold soil and reduces rainwater absorption, causing erosion, flash floods and habitat destruction."
F4 Chp 4,radio,Perak2024_Q07,A,B,C,D,B,Perak 2024/Picture7.png,"中文：使用绿色交通可减少车辆燃料消耗和废气，缓解交通造成的空气污染问题。
English: Green transportation reduces vehicle fuel use and exhaust, addressing air pollution from transport."
F4 Chp 4,radio,SelangorSet12024_Q07,A,B,C,D,D,Selangor Set 1 2024/Picture7.png,"中文：绿色交通减少化石燃料燃烧，降低二氧化碳排放，从而缓解全球暖化。
English: Green transportation reduces fossil-fuel combustion and carbon dioxide emissions, helping limit global warming."
F4 Chp 4,radio,SelangorSet22024_Q07,A,B,C,D,D,Selangor Set 2 2024/Picture7.png,"中文：绿色交通减少化石燃料使用及二氧化碳排放，有助缓解全球暖化。
English: Green transportation reduces fossil-fuel use and carbon dioxide emissions, helping limit global warming."
F4 Chp 4,radio,Smka2024_Q07,A,B,C,D,A,SMKA 2024/Picture7.png,"中文：不用电器时关掉开关可减少用电，降低发电相关燃料消耗和碳排放。
English: Switching off unused appliances reduces electricity consumption and associated fuel use and carbon emissions."
F4 Chp 4,radio,Kelantan2024_Q08,A,B,C,D,D,Kelantan 2024/Picture8.png,"中文：烧林释放二氧化碳；它吸收地球发出的热辐射，加强温室效应。
English: Forest burning releases carbon dioxide, which traps outgoing heat and strengthens the greenhouse effect."
F4 Chp 4,radio,KelantanYik2024_Q08,A,B,C,D,C,Kelantan YIK 2024/Picture8.png,"中文：金字塔顶部代表较不环保的私人机动车，温室气体排放最多；步行及自行车在底部较环保。
English: The top represents less environmentally friendly private motor vehicles with higher greenhouse-gas emissions; walking and cycling are greener at the base."
F4 Chp 4,radio,PenangSet12024_Q08,A,B,C,D,C,Penang Set 1 2024/Picture8.png,"中文：电动巴士行驶时不燃烧汽油或柴油，因此主要优势是减少温室气体排放。
English: An electric bus does not burn petrol or diesel while travelling, so its main benefit is reducing greenhouse-gas emissions."
F4 Chp 4,radio,PenangSet22024_Q08,A,B,C,D,A,Penang Set 2 2024/Picture8.png,"中文：骑自行车不需要燃烧燃料；在给出的选项中，它对减少碳足迹最有效。
English: Cycling requires no fuel combustion and is the best listed option for reducing a carbon footprint."
F4 Chp 4,radio,SelangorSet12024_Q08,A,B,C,D,D,Selangor Set 1 2024/Picture8.png,"中文：图示环保交通活动减少燃料消耗，因此降低温室气体排放。
English: The environmentally friendly transport activity reduces fuel use and therefore greenhouse-gas emissions."
F4 Chp 4,radio,SelangorSet22024_Q08,A,B,C,D,A,Selangor Set 2 2024/Picture8.png,"中文：回收减少制造新产品所需的原料和能源，因此可减少与日常活动相关的二氧化碳排放。
English: Recycling reduces raw materials and energy needed for new products, lowering carbon dioxide emissions associated with daily activities."
F4 Chp 4,radio,Kelantan2024_Q09,A,B,C,D,D,Kelantan 2024/Picture9.png,"中文：图中椰壳等有机废物可分解制成堆肥，减少垃圾堆积并回收养分。
English: Organic waste such as coconut husks can be decomposed into compost, reducing waste piles and recycling nutrients."
F4 Chp 4,radio,Kelantan2024_Q10,A,B,C,D,C,Kelantan 2024/Picture10.png,"中文：绿色植物光合作用吸收二氧化碳并释放氧气，所以森林被比喻为地球之肺。
English: Green plants absorb carbon dioxide and release oxygen during photosynthesis, explaining the description of forests as Earth's lungs."
F4 Chp 5,radio,Melaka2024_Q05,A,B,C,D,D,Melaka 2024/Picture5.png,"中文：Tt × Tt 产生 TT、Tt、Tt、tt，三个高株、一个矮株，表现型比为 3:1。
English: Tt × Tt gives TT, Tt, Tt and tt, so the tall:short phenotype ratio is 3:1."
F4 Chp 5,radio,Melaka2024_Q06,A,B,C,D,C,Melaka 2024/Picture6.png,"中文：血型分 A、B、AB、O 等明确类别，没有中间型，是不连续变异。
English: Blood groups have distinct categories A, B, AB and O without intermediate groups, so they are discontinuous variation."
F4 Chp 5,radio,NegeriSembilan2024_Q06,A,B,C,D,C,Negeri Sembilan 2024/Picture6.png,"中文：唐氏综合征多一条 21 号常染色体，男性体细胞为 45 条常染色体 + XY，共 47 条。
English: Down syndrome has an extra chromosome 21; a male body cell has 45 autosomes + XY, totalling 47 chromosomes."
F4 Chp 5,radio,Kedah2024_Q07,A,B,C,D,D,Kedah 2024/Picture7.png,"中文：图中植物油用于制造生物柴油；动物脂肪同样含油脂，可作为替代原料。
English: Vegetable oil is used to make biodiesel; animal fat also contains fats and can serve as an alternative feedstock."
F4 Chp 5,radio,NegeriSembilan2024_Q07,A,B,C,D,B,Negeri Sembilan 2024/Picture7.png,"中文：原答案 B 指核型分析检查胎儿染色体异常。须注意血友病是基因突变，单靠核型不能确定血友病；题目把一般染色体检查与该疾病混用。
English: The key B refers to karyotyping for fetal chromosome abnormalities. Haemophilia is a gene mutation, so karyotyping alone cannot determine haemophilia; the question mixes general chromosome testing with this condition."
F4 Chp 5,radio,Kedah2024_Q08,A,B,C,D,C,Kedah 2024/Picture8.png,"中文：Rr × Rr 产生 RR、Rr、Rr、rr，红花占 3/4，白花占 1/4，符合 75%:25%。
English: Rr × Rr produces RR, Rr, Rr and rr, giving 75% red flowers and 25% white flowers."
F4 Chp 5,radio,NegeriSembilan2024_Q08,A,B,C,D,D,Negeri Sembilan 2024/Picture8.png,"中文：重组 DNA 技术把人类胰岛素基因放入细菌，生产胰岛素，可帮助糖尿病治疗。
English: Recombinant DNA introduces the human insulin gene into bacteria to produce insulin for diabetes treatment."
F4 Chp 5,radio,Pahang2024_Q08,A,B,C,D,A,Pahang 2024/Picture8.png,"中文：图中同源染色体分离并移向两极，每条染色体仍含两个姐妹染色单体，因此是减数分裂后期 I。
English: Homologous chromosomes move to opposite poles while each chromosome still has two sister chromatids, identifying anaphase I of meiosis."
F4 Chp 5,radio,Perak2024_Q08,A,B,C,D,D,Perak 2024/Picture8.png,"中文：图中是减数分裂前期 I，同源染色体配对，并可进行交换作用来交换遗传信息。
English: The diagram shows prophase I of meiosis, when homologous chromosomes pair and can exchange genetic information through crossing over."
F4 Chp 5,radio,Smka2024_Q08,A,B,C,D,C,SMKA 2024/Picture8.png,"中文：Q 是交换作用，同源染色体交换片段，形成新的基因组合，增加遗传变异。
English: Q is crossing over, exchanging segments between homologous chromosomes to create new gene combinations and genetic variation."
F4 Chp 5,radio,Kedah2024_Q09,A,B,C,D,D,Kedah 2024/Picture9.png,"中文：第 23 组显示 XXY，多了一条 X 性染色体，属于 Klinefelter 综合征。
English: The 23rd group shows XXY, an extra X chromosome characteristic of Klinefelter syndrome."
F4 Chp 5,radio,KelantanYik2024_Q09,A,B,C,D,A,Kelantan YIK 2024/Picture9.png,"中文：有丝分裂中期染色体排列在细胞赤道面，便于随后平均分离。
English: During metaphase, chromosomes align at the equator before being separated equally."
F4 Chp 5,radio,Pahang2024_Q09,A,B,C,D,B,Pahang 2024/Picture9.png,"中文：Kk 父亲与 kk 母亲交配，子代一半 Kk、一半 kk，所以卷发的概率是 50%。
English: A Kk father crossed with a kk mother produces half Kk and half kk offspring, giving a 50% probability of curly hair."
F4 Chp 5,radio,PenangSet12024_Q09,A,B,C,D,A,Penang Set 1 2024/Picture9.png,"中文：有丝分裂后期，着丝粒分开，姐妹染色单体分离并移向相反两极。
English: During anaphase of mitosis, centromeres divide and sister chromatids separate towards opposite poles."
F4 Chp 5,radio,PenangSet22024_Q09,A,B,C,D,B,Penang Set 2 2024/Picture9.png,"中文：图中是交换作用，同源染色体交换片段，形成新的基因组合，产生变异。
English: Crossing over exchanges segments between homologous chromosomes, creating new gene combinations and variation."
F4 Chp 5,radio,Perak2024_Q09,A,B,C,D,C,Perak 2024/Picture9.png,"中文：Q 是 XbXb，S 是 XbY，均没有正常显性等位基因，所以两者都患色盲。
English: Q is XbXb and S is XbY; neither has a normal dominant allele, so both are colour-blind."
F4 Chp 5,radio,SelangorSet12024_Q09,A,B,C,D,A,Selangor Set 1 2024/Picture9.png,"中文：卵子含 22＋X；形成女孩的 XX 组合，需要含 22＋X 的精子。
English: An ovum carries 22 + X; producing a girl with XX requires a sperm carrying 22 + X."
F4 Chp 5,radio,SelangorSet22024_Q09,A,B,C,D,B,Selangor Set 2 2024/Picture9.png,"中文：卵子含 X 染色体；产生男孩的 XY 组合需要含 22＋Y 的精子。
English: An ovum carries X; a sperm carrying 22 + Y is needed to produce a boy with XY chromosomes."
F4 Chp 5,radio,Smka2024_Q09,A,B,C,D,D,SMKA 2024/Picture9.png,"中文：白花是 gg；红花必须是 Gg，才能与 gg 产生白花：红花＝1：1。
English: The white-flowered parent is gg; the red-flowered parent must be Gg to produce a white:red ratio of 1:1 when crossed with gg."
F4 Chp 5,radio,Kedah2024_Q10,A,B,C,D,D,Kedah 2024/Picture10.png,"中文：按课程，天然发色可分成明确类别，是不连续变异；身高、体重和肤色存在连续范围。
English: In the syllabus, natural hair colour is classified into distinct categories, making it discontinuous variation; height, mass and skin colour vary continuously."
F4 Chp 5,radio,KelantanYik2024_Q10,A,B,C,D,B,Kelantan YIK 2024/Picture10.png,"中文：Bb × bb 得到一半 Bb 黑毛、一半 bb 白毛，白毛机会为 50%。
English: Bb × bb gives half Bb black offspring and half bb white offspring, so the probability of white fur is 50%."
F4 Chp 5,radio,Pahang2024_Q10,A,B,C,D,D,Pahang 2024/Picture10.png,"中文：人类胰岛素基因可插入细菌质粒，细菌随后大量繁殖并生产胰岛素。
English: The human insulin gene can be inserted into a bacterial plasmid, allowing bacteria to multiply and produce insulin."
F4 Chp 5,radio,PenangSet12024_Q10,A,B,C,D,D,Penang Set 1 2024/Picture10.png,"中文：直方图呈连续的钟形分布，表示连续变异；身高有许多中间数值，属于这类变异。
English: The continuous bell-shaped histogram represents continuous variation; height has many intermediate values and fits this pattern."
F4 Chp 5,radio,PenangSet22024_Q10,A,B,C,D,C,Penang Set 2 2024/Picture10.png,"中文：彼此分开的柱表示不连续变异；指纹类型可分成明确类别，没有连续中间值。
English: Separated bars represent discontinuous variation; fingerprint types fall into distinct categories without continuous intermediate values."
F4 Chp 5,radio,Perak2024_Q10,A,B,C,D,A,Perak 2024/Picture10.png,"中文：相邻柱连续、接近钟形分布，表示连续变异；身高有许多中间数值。
English: Adjacent bars form a continuous, roughly bell-shaped distribution, representing continuous variation such as height."
F4 Chp 5,radio,SelangorSet12024_Q10,A,B,C,D,C,Selangor Set 1 2024/Picture10.png,"中文：血友病因凝血因子相关基因突变，使血液难以凝固，受伤后流血不止。
English: Haemophilia results from mutation in a clotting-factor gene, impairing clotting and causing prolonged bleeding after injury."
F4 Chp 5,radio,SelangorSet22024_Q10,A,B,C,D,A,Selangor Set 2 2024/Picture10.png,"中文：地中海贫血涉及血红蛋白制造的基因突变，常产生较小、功能受影响的红血球。
English: Thalassaemia involves mutations affecting haemoglobin production, often producing smaller, impaired red blood cells."
F4 Chp 5,radio,Smka2024_Q10,A,B,C,D,A,SMKA 2024/Picture10.png,"中文：造成原有物种灭绝是负面影响，不属于基因工程的好处。
English: Causing extinction of original species is a negative effect, not a benefit of genetic engineering."
F4 Chp 5,radio,Kelantan2024_Q11,A,B,C,D,B,Kelantan 2024/Picture11.png,"中文：染色体排列在细胞赤道面，尚未分向两极，是有丝分裂中期。
English: Chromosomes align at the cell equator before separating, identifying metaphase of mitosis."
F4 Chp 5,radio,PenangSet12024_Q11,A,B,C,D,B,Penang Set 1 2024/Picture11.png,"中文：Kk×kk 产生一半 Kk 卷发、一半 kk 直发，所以卷发：直发＝1：1。
English: Kk × kk produces half Kk curly-haired and half kk straight-haired offspring, giving a curly:straight ratio of 1:1."
F4 Chp 5,radio,PenangSet22024_Q11,A,B,C,D,C,Penang Set 2 2024/Picture11.png,"中文：子代灰毛与白毛各一半，白毛母兔是 kk；灰毛父兔须是 Kk，才能产生白毛后代。
English: Half the offspring are grey and half white. The white mother is kk, and the grey father must be Kk to produce white offspring."
F4 Chp 5,radio,SelangorSet12024_Q11,A,B,C,D,C,Selangor Set 1 2024/Picture11.png,"中文：把人类胰岛素基因放入细菌质粒，让细菌生产胰岛素，是重组 DNA 技术的应用。
English: Inserting the human insulin gene into a bacterial plasmid so bacteria produce insulin is an application of recombinant DNA technology."
F4 Chp 5,radio,SelangorSet22024_Q11,A,B,C,D,D,Selangor Set 2 2024/Picture11.png,"中文：基因改造可加入抗病特征，提高植物对疾病的抵抗力，减少产量损失。
English: Genetic modification can introduce disease-resistance traits, improving plants' resistance and reducing crop losses."
F4 Chp 5,radio,Smka2024_Q11,A,B,C,D,D,SMKA 2024/Picture11.png,"中文：身高可有许多连续中间数值，受遗传和环境影响，属于连续变异。
English: Height has many continuous intermediate values and is influenced by genes and environment, so it is continuous variation."
F4 Chp 5,radio,Kelantan2024_Q12,A,B,C,D,D,Kelantan 2024/Picture12.png,"中文：TT × tt 的 F1 全为 Tt；Tt × Tt 得 TT:Tt:tt = 1:2:1，表现型高:矮 = 3:1。题干把它称为基因型比率有用词误差。
English: F1 are all Tt; Tt × Tt gives TT:Tt:tt = 1:2:1 and a tall:short phenotype ratio of 3:1. The question uses genotype where phenotype is intended."
F4 Chp 6,radio,Melaka2024_Q07,A,B,C,D,B,Melaka 2024/Picture7.png,"中文：题干强调脊椎和肌肉骨骼机械问题的补充疗法，对应脊骨神经医师 chiropractor。
English: The description of complementary treatment for mechanical spinal and musculoskeletal problems identifies a chiropractor."
F4 Chp 6,radio,Melaka2024_Q08,A,B,C,D,B,Melaka 2024/Picture8.png,"中文：图示红树林支柱根帮助植物固定在松软泥地，支持其在沼泽生长。
English: The mangrove's supporting roots anchor it in soft soil, allowing it to grow in swamp areas."
F4 Chp 6,radio,NegeriSembilan2024_Q09,A,B,C,D,A,Negeri Sembilan 2024/Picture9.png,"中文：C 指骨盆带，连接躯干和下肢并支持身体重量。
English: C labels the pelvic girdle, connecting the trunk to the lower limbs and supporting body weight."
F4 Chp 6,radio,NegeriSembilan2024_Q10,A,B,C,D,C,Negeri Sembilan 2024/Picture10.png,"中文：C 曲线接近水平，身高不再增加，表示达到成熟、增长停止。
English: The nearly flat section C shows height no longer increasing, indicating maturity and stopped growth."
F4 Chp 6,radio,Kedah2024_Q11,A,B,C,D,C,Kedah 2024/Picture11.png,"中文：毛虫的静水骨骼利用体内液体压力，维持柔软身体的形状。
English: A caterpillar's hydrostatic skeleton uses internal fluid pressure to maintain its soft body shape."
F4 Chp 6,radio,KelantanYik2024_Q11,A,B,C,D,D,Kelantan YIK 2024/Picture11.png,"中文：按课程支持系统分类，海星列在无脊椎动物的另一组 Q；蟑螂和虾是外骨骼，青蛙是脊椎动物内骨骼。
English: In the syllabus support-system classification, starfish represents the other invertebrate group Q; cockroaches and prawns have exoskeletons, while frogs are vertebrates."
F4 Chp 6,radio,Pahang2024_Q11,A,B,C,D,C,Pahang 2024/Picture11.png,"中文：C 指向骨端的软骨；软骨减少骨与骨之间的摩擦，并吸收震动。
English: C points to cartilage at the bone end; cartilage reduces friction between bones and absorbs shocks."
F4 Chp 6,radio,Perak2024_Q11,A,B,C,D,B,Perak 2024/Picture11.png,"中文：训练前进行伸展准备活动符合课本预防肌肉受伤的做法，应是 C；现有答案 B“伸直手臂举重”不是题干所问的训练前准备。
English: Stretching before training is the textbook preparation for reducing muscle injury, so C fits. Existing answer B, lifting with straight arms, is not the preparation asked for."
F4 Chp 6,radio,KelantanYik2024_Q12,A,B,C,D,D,Kelantan YIK 2024/Picture12.png,"中文：M 指向上臂后侧的肱三头肌；弯臂时肱二头肌收缩，肱三头肌放松。
English: M points to the triceps at the back of the upper arm; during bending, the biceps contracts and the triceps relaxes."
F4 Chp 6,radio,PenangSet12024_Q12,A,B,C,D,C,Penang Set 1 2024/Picture12.png,"中文：水的浮力支持鲸鱼的体重，所以胸带和骨盆带无须像陆生动物般粗大。
English: Water buoyancy supports a whale's body weight, so its pectoral and pelvic girdles need not be as large as those of land animals."
F4 Chp 6,radio,PenangSet22024_Q12,A,B,C,D,D,Penang Set 2 2024/Picture12.png,"中文：鸟类的骨骼中空、轻而坚固，减轻体重又能支持身体，有利飞行。
English: Bird bones are hollow, light and strong, reducing weight while supporting the body and aiding flight."
F4 Chp 6,radio,SelangorSet12024_Q12,A,B,C,D,D,Selangor Set 1 2024/Picture12.png,"中文：昆虫坚硬的几丁质外骨骼不能随身体连续扩大，必须蜕皮才能继续生长。
English: A hard chitinous exoskeleton cannot expand continuously with an insect's body, so moulting is needed for growth."
F4 Chp 6,radio,SelangorSet22024_Q12,A,B,C,D,D,Selangor Set 2 2024/Picture12.png,"中文：几丁质外骨骼坚硬、不能随身体扩大，所以动物必须通过蜕皮继续生长。
English: The hard chitinous exoskeleton cannot expand with the body, so the animal must moult to grow."
F4 Chp 6,radio,Smka2024_Q12,A,B,C,D,B,SMKA 2024/Picture12.png,"中文：鸟类中空而轻的骨骼减轻体重，同时仍有足够支持力，有利飞行。
English: Birds' hollow, lightweight bones reduce body mass while retaining support, aiding flight."
F4 Chp 6,radio,Kelantan2024_Q13,A,B,C,D,C,Kelantan 2024/Picture13.png,"中文：滑液为软骨提供养分，并润滑关节、减少摩擦；肌腱连接肌肉与骨骼而非皮肤。
English: Synovial fluid supplies cartilage with nutrients and lubricates joints; tendons connect muscle to bone, not skin."
F4 Chp 6,radio,KelantanYik2024_Q13,A,B,C,D,B,Kelantan YIK 2024/Picture13.png,"中文：X 是快速增长区，Y 增长逐渐放慢，Z 水平段没有增长，所以为快、慢、零。
English: X is rapid growth, Y slows as maturity approaches, and the flat section Z has zero growth."
F4 Chp 6,radio,SelangorSet12024_Q13,A,B,C,D,D,Selangor Set 1 2024/Picture13.png,"中文：通气组织有许多储存空气的空隙，增加浮力，使莲等水生植物可漂浮。
English: Aerenchyma contains many air spaces that provide buoyancy, allowing aquatic plants such as lotus to float."
F4 Chp 6,radio,SelangorSet22024_Q13,A,B,C,D,B,Selangor Set 2 2024/Picture13.png,"中文：露兜树的支柱根从茎向土壤生长，为植物提供额外支持。
English: Prop roots grow from a pandan stem into the soil and provide extra support."
F4 Chp 6,radio,Smka2024_Q13,A,B,C,D,A,SMKA 2024/Picture13.png,"中文：增加支撑面的面积并降低重心，可提高稳定性，防止动物失去平衡。
English: Increasing base area and lowering the centre of gravity improve stability and prevent loss of balance."
F4 Chp 7,radio,Melaka2024_Q09,A,B,C,D,B,Melaka 2024/Picture9.png,"中文：R 位于脑底，是垂体；它与调控其他内分泌腺及生长等功能有关。
English: R at the base of the brain is the pituitary gland, involved in growth and regulation of other endocrine glands."
F4 Chp 7,radio,Melaka2024_Q10,A,B,C,D,C,Melaka 2024/Picture10.png,"中文：按答案，长期酗酒可损害肝细胞、形成瘢痕，导致肝硬化。
English: According to the key, prolonged alcohol abuse damages liver cells and causes scarring, leading to liver cirrhosis."
F4 Chp 7,radio,NegeriSembilan2024_Q11,A,B,C,D,C,Negeri Sembilan 2024/Picture11.png,"中文：考试紧张刺激肾上腺素释放，提高心跳及代谢，准备应对压力。
English: Examination stress stimulates adrenaline release, increasing heartbeat and metabolic rate in preparation for a challenge."
F4 Chp 7,radio,Kedah2024_Q12,A,B,C,D,B,Kedah 2024/Picture12.png,"中文：健康心智者能理性思考、推理及解决问题，而不是长期负面猜疑或拒绝挑战。
English: A healthy mind can reason logically and solve problems rather than relying on negative prejudice or avoiding challenges."
F4 Chp 7,radio,Pahang2024_Q12,A,B,C,D,D,Pahang 2024/Picture12.png,"中文：毒品可干扰神经系统的协调，使神经对刺激的反应变慢。
English: Drugs can disrupt nervous coordination and slow the nervous system's response to stimuli."
F4 Chp 7,radio,Perak2024_Q12,A,B,C,D,C,Perak 2024/Picture12.png,"中文：脑下垂体分泌生长激素，促进生长，并帮助成年人维持肌肉和骨骼质量。
English: The pituitary secretes growth hormone, promoting growth and helping adults maintain muscle and bone mass."
F4 Chp 7,radio,PenangSet12024_Q13,A,B,C,D,C,Penang Set 1 2024/Picture13.png,"中文：图中是胰脏，分泌胰岛素来降低血糖；移除后胰岛素不足，血糖会上升。
English: The diagram shows the pancreas, which secretes insulin to lower blood glucose; its removal causes insufficient insulin and rising glucose levels."
F4 Chp 7,radio,PenangSet22024_Q13,A,B,C,D,C,Penang Set 2 2024/Picture13.png,"中文：C 是胰脏，分泌胰岛素，促进多余葡萄糖转化为糖原以降低血糖。
English: C is the pancreas, which secretes insulin and promotes conversion of excess glucose to glycogen, lowering blood glucose."
F4 Chp 7,radio,Perak2024_Q13,A,B,C,D,B,Perak 2024/Picture13.png,"中文：巴比妥类和酒精属于镇静抑制类物质，可减慢中枢神经活动，使人困倦和较不焦虑。
English: Barbiturates and alcohol are depressants that slow central nervous activity, causing drowsiness and reduced anxiety."
F4 Chp 7,radio,Kelantan2024_Q14,A,B,C,D,A,Kelantan 2024/Picture14.png,"中文：长期过量饮酒损伤肝细胞并造成瘢痕，按课程可导致肝硬化。
English: Prolonged excessive alcohol intake damages liver cells and causes scarring, leading to cirrhosis in the syllabus."
F4 Chp 7,radio,KelantanYik2024_Q14,A,B,C,D,D,Kelantan YIK 2024/Picture14.png,"中文：按课本，抗利尿激素 ADH 由垂体释放，帮助调节肾脏吸水；胰岛素由胰脏分泌。
English: The textbook associates ADH release with the pituitary gland to regulate water reabsorption; insulin comes from the pancreas."
F4 Chp 7,radio,PenangSet12024_Q14,A,B,C,D,B,Penang Set 1 2024/Picture14.png,"中文：过量酒精可损伤肝脏和其他器官，导致肝硬化、心脏衰竭和胃溃疡等问题。
English: Excessive alcohol can damage the liver and other organs, causing problems such as cirrhosis, heart failure and stomach ulcers."
F4 Chp 7,radio,PenangSet22024_Q14,A,B,C,D,B,Penang Set 2 2024/Picture14.png,"中文：易怒、情绪低落和头痛符合课本月经期间激素失衡的描述，D 更合理；现有答案 B“摄取补充品”没有足够题目资料支持。
English: Irritability, low mood and headache match the textbook description of hormonal imbalance during menstruation, making D more reasonable. Existing answer B, supplement intake, lacks support in the question."
F4 Chp 7,radio,SelangorSet12024_Q14,A,B,C,D,B,Selangor Set 1 2024/Picture14.png,"中文：兴奋剂加强中枢神经系统活动，课本描述为加快神经冲动传递。
English: Stimulants increase central nervous system activity, described in the textbook as accelerating nerve-impulse transmission."
F4 Chp 7,radio,SelangorSet22024_Q14,A,B,C,D,A,Selangor Set 2 2024/Picture14.png,"中文：抑制剂减慢中枢神经活动，课本描述为减慢神经冲动传递。
English: Depressants slow central nervous activity, described in the textbook as slowing nerve-impulse transmission."
F4 Chp 7,radio,Smka2024_Q14,A,B,C,D,C,SMKA 2024/Picture14.png,"中文：C 是胰脏，分泌胰岛素等激素调节血糖水平。
English: C is the pancreas, which secretes hormones such as insulin to regulate blood glucose."
F4 Chp 7,radio,Kelantan2024_Q15,A,B,C,D,D,Kelantan 2024/Picture15.png,"中文：X 是随血液到达目标器官的激素；按本课程简化描述，选蛋白质，并且只需少量、作用较慢而较持久。
English: X is a hormone carried in blood to a target organ; the syllabus describes it as a protein needed in small amounts, with slower and longer-lasting effects."
F4 Chp 7,radio,KelantanYik2024_Q15,A,B,C,D,C,Kelantan YIK 2024/Picture15.png,"中文：安非他命和甲基安非他命是兴奋剂，加快神经系统活动及冲动传递。
English: Amphetamine and methamphetamine are stimulants that increase nervous-system activity and impulse transmission."
F4 Chp 7,radio,Smka2024_Q15,A,B,C,D,D,SMKA 2024/Picture15.png,"中文：致幻剂改变脑中神经活动，造成感知异常、幻觉和肌肉协调受影响。
English: Hallucinogens alter nervous activity in the brain, causing distorted perception, hallucinations and impaired muscle coordination."
F4 Chp 8,radio,Melaka2024_Q11,A,B,C,D,C,Melaka 2024/Picture11.png,"中文：金是由原子构成的金属；氧气和水属分子物质，盐属离子物质。
English: Gold is an atomic metal; oxygen and water are molecular substances, while salt is ionic."
F4 Chp 8,radio,Melaka2024_Q12,A,B,C,D,A,Melaka 2024/Picture12.png,"中文：氧的质子数 8，中性原子有 8 个电子，电子排列为 2.6。
English: Oxygen has proton number 8, so a neutral atom has eight electrons arranged 2.6."
F4 Chp 8,radio,NegeriSembilan2024_Q12,A,B,C,D,A,Negeri Sembilan 2024/Picture12.png,"中文：D 是两个相同原子组成的双原子分子，可为氮气；E 由不同原子组成，答案配为二氧化碳。
English: D has diatomic molecules of identical atoms, matching nitrogen; E contains different atoms and is paired with carbon dioxide in the key."
F4 Chp 8,radio,Kedah2024_Q13,A,B,C,D,B,Kedah 2024/Picture13.png,"中文：铁是由原子构成的金属；铁锈属于含离子的化合物，因此配对是原子、离子。
English: Iron is an atomic metal, while rust is an ionic compound, so the correct pairing is atoms and ions."
F4 Chp 8,radio,Melaka2024_Q13,A,B,C,D,A,Melaka 2024/Picture13.png,"中文：P、Q 质子数同为 6，中子数分别 12 和 14，符合质子相同、中子不同的同位素定义。
English: P and Q both have six protons but different neutron numbers, 12 and 14, so they are isotopes."
F4 Chp 8,radio,NegeriSembilan2024_Q13,A,B,C,D,A,Negeri Sembilan 2024/Picture13.png,"中文：中性原子中电子数等于质子数，Z 有 20 个质子便有 20 个电子。
English: In a neutral atom, electron number equals proton number, so Z has 20 electrons."
F4 Chp 8,radio,Pahang2024_Q13,A,B,C,D,C,Pahang 2024/Picture13.png,"中文：金是固态元素，其原子紧密而规则排列；C 显示相同大小的原子规则排列。
English: Gold is a solid element with closely packed, regularly arranged atoms; C shows this arrangement of equal-sized atoms."
F4 Chp 8,radio,Kedah2024_Q14,A,B,C,D,B,Kedah 2024/Picture14.png,"中文：纸张吸收的辐射量随厚度改变，探测器用此差异监控纸张厚度。
English: The amount of radiation passing through paper changes with its thickness, allowing the detector to monitor thickness."
F4 Chp 8,radio,NegeriSembilan2024_Q14,A,B,C,D,C,Negeri Sembilan 2024/Picture14.png,"中文：同位素核子数不同（P），但质子数及中性原子的电子数相同（Q），所以 P、Q 正确。
English: Isotopes have different nucleon numbers (P), but the same proton and neutral-atom electron numbers (Q), giving P and Q."
F4 Chp 8,radio,Perak2024_Q14,A,B,C,D,D,Perak 2024/Picture14.png,"中文：Z 位于周期表最右侧的第 18 族，属于稀有气体，最外电子层已满而较不活泼。
English: Z is in Group 18 at the far right of the periodic table, containing noble gases with full outer electron shells."
F4 Chp 8,radio,PenangSet12024_Q15,A,B,C,D,B,Penang Set 1 2024/Picture15.png,"中文：中子数＝核子数－质子数＝40－20＝20。
English: Number of neutrons = nucleon number − proton number = 40 − 20 = 20."
F4 Chp 8,radio,PenangSet22024_Q15,A,B,C,D,D,Penang Set 2 2024/Picture15.png,"中文：S 位于第 3 周期、第 18 族，有三个电子层，最外层 8 个电子，排列是 2.8.8。
English: S is in Period 3 and Group 18, with three shells and eight outer electrons, giving 2.8.8."
F4 Chp 8,radio,Perak2024_Q15,A,B,C,D,C,Perak 2024/Picture15.png,"中文：氯的两个同位素质子数均为 17；氯-35 的中子数＝35－17＝18，因此 X＝17、Y＝17、Z＝18。
English: Both chlorine isotopes have 17 protons. Chlorine-35 has 35 − 17 = 18 neutrons, so X = 17, Y = 17 and Z = 18."
F4 Chp 8,radio,SelangorSet12024_Q15,A,B,C,D,A,Selangor Set 1 2024/Picture15.png,"中文：该元素的质子数是 19；39 是核子数，中子数才是 39－19＝20。
English: The element's proton number is 19; 39 is its nucleon number, while neutron number is 39 − 19 = 20."
F4 Chp 8,radio,SelangorSet22024_Q15,A,B,C,D,C,Selangor Set 2 2024/Picture15.png,"中文：核子数是质子与中子总数，图中为 39；19 是质子数。
English: Nucleon number is the total number of protons and neutrons, shown as 39; 19 is the proton number."
F4 Chp 8,radio,Kelantan2024_Q16,A,B,C,D,B,Kelantan 2024/Picture16.png,"中文：中子数 = 核子数 − 质子数 = 96 − 42 = 54。
English: Neutron number = nucleon number − proton number = 96 − 42 = 54."
F4 Chp 8,radio,KelantanYik2024_Q16,A,B,C,D,A,Kelantan YIK 2024/Picture16.png,"中文：P、Q 同在第一族，是碱金属；T、U 在过渡区，R、S 位于右侧主族。
English: P and Q are in Group 1, the alkali metals; T and U lie in the transition region and R and S are on the right."
F4 Chp 8,radio,PenangSet12024_Q16,A,B,C,D,D,Penang Set 1 2024/Picture16.png,"中文：R 位于第 15 族非金属区域，S 位于第 18 族稀有气体区域；两者都是非金属。
English: R lies in the Group 15 non-metal region and S in Group 18 among noble gases; both are non-metals."
F4 Chp 8,radio,PenangSet22024_Q16,A,B,C,D,A,Penang Set 2 2024/Picture16.png,"中文：锌是金属，课本归为原子物质；氮和二氧化碳是分子物质，氯化钠是离子物质。
English: Zinc is a metal classified as an atomic substance; nitrogen and carbon dioxide are molecular, while sodium chloride is ionic."
F4 Chp 8,radio,Smka2024_Q16,A,B,C,D,A,SMKA 2024/Picture16.png,"中文：Z 在第 3 周期、第 17 族，三个电子层、最外层 7 个电子，所以电子排列是 2.8.7。
English: Z is in Period 3 and Group 17, with three shells and seven outer electrons, giving 2.8.7."
F4 Chp 8,radio,Kelantan2024_Q17,A,B,C,D,C,Kelantan 2024/Picture17.png,"中文：16 个电子排列为 2.8.6，因此第三层有 6 个电子。
English: Sixteen electrons are arranged 2.8.6, so the third shell contains six electrons."
F4 Chp 8,radio,KelantanYik2024_Q17,A,B,C,D,B,Kelantan YIK 2024/Picture17.png,"中文：原答案 B 是 8，但同位素的质子数相同，所以碳 X 仍有 6 个质子；核子数 = 6 + 6 = 12，实际应对应 D。
English: The existing key B is 8, but isotopes have the same proton number: carbon-X has 6 protons, so its nucleon number is 6 + 6 = 12, corresponding to D."
F4 Chp 8,radio,Smka2024_Q17,A,B,C,D,C,SMKA 2024/Picture17.png,"中文：增加同位素用量是扩大应用，不是降低辐射风险的措施；监督、技术防护和监测才是风险控制。
English: Increasing isotope use expands its application rather than reducing radiation risk; supervision, protective technology and monitoring are risk controls."
F4 Chp 9,radio,Melaka2024_Q14,A,B,C,D,D,Melaka 2024/Picture14.png,"中文：天然橡胶加硫加热形成交联，硫化后较硬、耐热，适合做鞋底。
English: Heating natural rubber with sulphur forms cross-links; vulcanised rubber is harder and more heat resistant for shoe soles."
F4 Chp 9,radio,Pahang2024_Q14,A,B,C,D,C,Pahang 2024/Picture14.png,"中文：硼硅酸盐玻璃耐热、热膨胀小，适合制作实验室玻璃器具。
English: Borosilicate glass withstands heat and has low thermal expansion, making it suitable for laboratory glassware."
F4 Chp 9,radio,Kedah2024_Q15,A,B,C,D,B,Kedah 2024/Picture15.png,"中文：Duralumin 是铝与其他金属组成的合金；铜、铝、镁单独列出时是纯金属元素。
English: Duralumin is an alloy of aluminium with other metals; copper, aluminium and magnesium are individual metallic elements."
F4 Chp 9,radio,NegeriSembilan2024_Q15,A,B,C,D,B,Negeri Sembilan 2024/Picture15.png,"中文：航天器重返大气时极热，陶瓷耐高温且不易腐蚀，适合保护底部。
English: Ceramics resist very high temperatures and corrosion, making them suitable for protecting a spacecraft during atmospheric re-entry."
F4 Chp 9,radio,Kedah2024_Q16,A,B,C,D,A,Kedah 2024/Picture16.png,"中文：淀粉是供能的天然聚合物；Perspex 是人造聚合物，可用于制作招牌。
English: Starch is a natural polymer that supplies energy; Perspex is a synthetic polymer used for signboards."
F4 Chp 9,radio,NegeriSembilan2024_Q16,A,B,C,D,A,Negeri Sembilan 2024/Picture16.png,"中文：酸使乳胶凝固得到天然橡胶；按答案，其弹性是适用优点。此过程是凝固，不是加硫硫化。
English: Acid coagulates latex into natural rubber, whose elasticity is the advantage selected by the key. This is coagulation, not sulphur vulcanisation."
F4 Chp 9,radio,Perak2024_Q16,A,B,C,D,A,Perak 2024/Picture16.png,"中文：碳原子干扰铁原子的规则排列，使原子层难以滑动，所以钢比纯铁更硬。
English: Carbon atoms disrupt the regular arrangement of iron atoms and hinder layer sliding, making steel harder than pure iron."
F4 Chp 9,radio,SelangorSet12024_Q16,A,B,C,D,D,Selangor Set 1 2024/Picture16.png,"中文：硬铝是铝与其他元素组成的合金；铁、铜和锑本身是元素。
English: Duralumin is an alloy of aluminium with other elements; iron, copper and antimony are elements themselves."
F4 Chp 9,radio,SelangorSet22024_Q16,A,B,C,D,D,Selangor Set 2 2024/Picture16.png,"中文：黄铜是铜和锌组成的合金；铁、铜和锑是元素。
English: Brass is an alloy of copper and zinc; iron, copper and antimony are elements."
F4 Chp 9,radio,NegeriSembilan2024_Q17,A,B,C,D,A,Negeri Sembilan 2024/Picture17.png,"中文：在题目的酸碱中和模型中，醋呈酸性，可中和碱性刺液。
English: In the question's acid–base model, acidic vinegar neutralises the alkaline sting substance."
F4 Chp 9,radio,NegeriSembilan2024_Q17,A,B,C,D,A,Negeri Sembilan 2024/Picture17.png,"中文：在题目的酸碱中和模型中，醋呈酸性，可中和碱性刺液。
English: In the question's acid–base model, acidic vinegar neutralises the alkaline sting substance."
F4 Chp 9,radio,Perak2024_Q17,A,B,C,D,D,Perak 2024/Picture17.png,"中文：陶瓷主要原料是黏土，含铝硅酸盐，因此选 D。
English: Ceramics are mainly made from clay containing aluminium silicate, so D is correct."
F4 Chp 9,radio,Kelantan2024_Q18,A,B,C,D,B,Kelantan 2024/Picture18.png,"中文：按答案及实验室用玻璃概念，硼硅玻璃能耐热和耐化学侵蚀，常用于实验器材。
English: According to the key and laboratory-glass concept, borosilicate glass resists heat and chemicals and is used for laboratory apparatus."
F4 Chp 9,radio,KelantanYik2024_Q18,A,B,C,D,B,Kelantan YIK 2024/Picture18.png,"中文：硫在橡胶聚合链间形成交联，产生硫化橡胶，使其较坚韧、耐热。
English: Sulphur forms cross-links between rubber polymer chains during vulcanisation, making rubber stronger and more heat resistant."
F4 Chp 9,radio,Perak2024_Q18,A,B,C,D,A,Perak 2024/Picture18.png,"中文：加入硫进行硫化，在橡胶链之间形成硫交联，使橡胶更耐热。
English: Adding sulphur vulcanises rubber by forming cross-links between chains, improving heat resistance."
F4 Chp 9,radio,Smka2024_Q18,A,B,C,D,D,SMKA 2024/Picture18.png,"中文：不锈钢坚硬、强度高且耐腐蚀，适合题目要求的耐用钥匙。
English: Stainless steel is hard, strong and corrosion-resistant, fitting the durable key required."
F4 Chp 9,radio,Smka2024_Q19,A,B,C,D,A,SMKA 2024/Picture19.png,"中文：塑料由人工聚合制造，属于合成聚合物；蛋白质、纤维素和淀粉是天然聚合物。
English: Plastic is manufactured by polymerisation and is synthetic; proteins, cellulose and starch are natural polymers."
F5 Chp 1,radio,Melaka2024_Q21,A,B,C,D,C,Melaka 2024/Picture21.png,"中文：图示噬菌体有头部、尾部和尾丝，是病毒，不是细胞型细菌。
English: The bacteriophage has a head, tail and tail fibres and is a virus rather than a bacterial cell."
F5 Chp 1,radio,Pahang2024_Q21,A,B,C,D,A,Pahang 2024/Picture21.png,"中文：图中的酵母用于制作面包；发酵释放二氧化碳，使面团膨胀。
English: The yeast shown is used in bread making; fermentation releases carbon dioxide that makes dough rise."
F5 Chp 1,radio,SelangorSet12024_Q21,A,B,C,D,C,Selangor Set 1 2024/Picture21.png,"中文：青霉菌属于真菌，可生产青霉素等抗生素，所以选真菌。
English: Penicillium is a fungus that produces antibiotics such as penicillin, so fungi is the correct class."
F5 Chp 1,radio,SelangorSet22024_Q21,A,B,C,D,A,Selangor Set 2 2024/Picture21.png,"中文：负排放技术可用微藻进行光合作用，吸收二氧化碳，所以微生物类别是藻类。
English: Negative-emission technology can use microalgae to absorb carbon dioxide through photosynthesis, so the class is algae."
F5 Chp 1,radio,Melaka2024_Q22,A,B,C,D,B,Melaka 2024/Picture22.png,"中文：制作环保酵素时，微生物把糖和果蔬废料进行发酵。
English: Ecoenzyme production involves microbial fermentation of sugar and fruit or vegetable waste."
F5 Chp 1,radio,Pahang2024_Q22,A,B,C,D,B,Pahang 2024/Picture22.png,"中文：接种前在皮肤使用的是消毒防腐剂，可杀死或抑制皮肤表面的微生物。
English: An antiseptic is applied to skin before vaccination to kill or inhibit microorganisms on its surface."
F5 Chp 1,radio,SelangorSet12024_Q22,A,B,C,D,B,Selangor Set 1 2024/Picture22.png,"中文：带状疱疹由水痘带状疱疹病毒引起，课本配对的治疗类别是抗病毒药。
English: Shingles is caused by varicella-zoster virus, paired in the textbook with antiviral treatment."
F5 Chp 1,radio,SelangorSet22024_Q22,A,B,C,D,A,Selangor Set 2 2024/Picture22.png,"中文：按课本此题的肺炎配对，病原体是细菌，治疗类别为抗生素；并非所有现实肺炎都只有这种病因。
English: The textbook pairing in this question is bacterial pneumonia with antibiotics; this does not mean every real case has the same cause."
F5 Chp 1,radio,Melaka2024_Q23,A,B,C,D,A,Melaka 2024/Picture23.png,"中文：氯是泳池常用消毒剂，可杀灭 E. coli 等细菌；不是用抗生素处理池水。
English: Chlorine is a swimming-pool disinfectant that kills bacteria such as E. coli; antibiotics are not used for pool-water treatment."
F5 Chp 1,radio,NegeriSembilan2024_Q23,A,B,C,D,B,Negeri Sembilan 2024/Picture23.png,"中文：番茄的酸降低食物 pH，抑制微生物生长，因此题示食物较不易腐败。
English: Tomato acids lower food pH and inhibit microbial growth, explaining the slower spoilage shown."
F5 Chp 1,radio,PenangSet12024_Q23,A,B,C,D,C,Penang Set 1 2024/Picture23.png,"中文：利用农业废料发酵制成、成本低且较环保的清洁液是生态酵素清洁液。
English: A low-cost cleaner produced by fermenting agricultural waste is an ecoenzyme cleaning solution."
F5 Chp 1,radio,PenangSet22024_Q23,A,B,C,D,C,Penang Set 2 2024/Picture23.png,"中文：把农业废料发酵制成的环保、低成本清洁液是生态酵素清洁液。
English: The environmentally friendly, low-cost cleaner made by fermenting agricultural waste is an ecoenzyme cleaning solution."
F5 Chp 1,radio,Kedah2024_Q24,A,B,C,D,B,Kedah 2024/Picture24.png,"中文：醋令环境呈酸性，抑制细菌生长，使腌制芒果保存较久。
English: Vinegar creates acidic conditions that inhibit bacterial growth and preserve the mango slices."
F5 Chp 1,radio,Kelantan2024_Q24,A,B,C,D,A,Kelantan 2024/Picture24.png,"中文：图中草履虫与变形虫都是单细胞原生动物，不是细菌、真菌或病毒。
English: The diagram shows Paramecium and Amoeba, both unicellular protozoa rather than bacteria, fungi or viruses."
F5 Chp 1,radio,KelantanYik2024_Q24,A,B,C,D,D,Kelantan YIK 2024/Picture24.png,"中文：图示酵母通过发酵产生二氧化碳，令面团膨胀，用于面包和蛋糕制作。
English: Yeast produces carbon dioxide during fermentation, helping dough rise in bread and cake making."
F5 Chp 1,radio,NegeriSembilan2024_Q24,A,B,C,D,B,Negeri Sembilan 2024/Picture24.png,"中文：Povidone 是用于皮肤或伤口的抗菌剂；过氧化氢在题目另一组作环境表面消毒剂。
English: Povidone is an antiseptic for skin or wounds; hydrogen peroxide in the other group is used as a disinfectant for environmental surfaces."
F5 Chp 1,radio,PenangSet12024_Q24,A,B,C,D,D,Penang Set 1 2024/Picture24.png,"中文：X 是细菌无法生长的抑菌圈；抗生素浓度较高时，抑菌效果较强，圈的直径会增大。
English: X is the inhibition zone where bacteria cannot grow; a higher antibiotic concentration strengthens inhibition and increases its diameter."
F5 Chp 1,radio,PenangSet22024_Q24,A,B,C,D,D,Penang Set 2 2024/Picture24.png,"中文：提高抗生素浓度可加强抑菌作用，使没有细菌生长的透明抑菌圈变大。
English: Increasing antibiotic concentration strengthens inhibition, enlarging the clear zone without bacterial growth."
F5 Chp 1,radio,Perak2024_Q24,A,B,C,D,A,Perak 2024/Picture24.png,"中文：图中是出芽繁殖的酵母，发酵时释放二氧化碳，使面团膨胀，应用于制面包。
English: The budding microorganism is yeast, which releases carbon dioxide during fermentation to make bread dough rise."
F5 Chp 1,radio,Kedah2024_Q25,A,B,C,D,C,Kedah 2024/Picture25.png,"中文：按题目与答案，图示肺部细菌感染以抗生素治疗；疫苗主要用于预防而非治疗已经发生的感染。
English: The question and key refer to a bacterial lung infection treated with antibiotics; vaccines mainly prevent infection rather than treat an existing one."
F5 Chp 1,radio,Kelantan2024_Q25,A,B,C,D,D,Kelantan 2024/Picture25.png,"中文：N 的抗生素浓度最高（30%），对细菌抑制最强，通常形成最大的无菌透明区。
English: Dish N has the highest antibiotic concentration, 30%, so it inhibits bacteria most strongly and forms the largest clear zone."
F5 Chp 1,radio,KelantanYik2024_Q25,A,B,C,D,D,Kelantan YIK 2024/Picture25.png,"中文：透明区没有明显菌落，表示青霉素抑制了细菌生长。
English: The clear area lacks bacterial colonies, showing that penicillin inhibits bacterial growth."
F5 Chp 1,radio,Perak2024_Q25,A,B,C,D,C,Perak 2024/Picture25.png,"中文：按答案纸 C，本题将红色小疹点的传染皮肤病视为病毒引起，因此配抗病毒药；题干没有直接写病名，不能单凭这些症状诊断所有皮肤病。
English: Following answer C, the question treats the contagious red, spot-like skin illness as viral and pairs it with antivirals. No disease is named, so these symptoms alone cannot identify every skin condition."
F5 Chp 1,radio,Smka2024_Q26,A,B,C,D,C,SMKA 2024/Picture26.png,"中文：两个草履虫暂时接合并交换遗传物质，然后分开，这是接合生殖，不是一个分成两个。
English: Two Paramecium temporarily join and exchange genetic material before separating; this is conjugation rather than one cell splitting into two."
F5 Chp 2,radio,Pahang2024_Q23,A,B,C,D,D,Pahang 2024/Picture23.png,"中文：总热量＝10×16.7＋15×16.7＋6×37.6＝643.1 kJ。
English: Total energy = 10 × 16.7 + 15 × 16.7 + 6 × 37.6 = 643.1 kJ."
F5 Chp 2,radio,SelangorSet12024_Q23,A,B,C,D,A,Selangor Set 1 2024/Picture23.png,"中文：餐盘以四分之一谷物、四分之一蛋白质、半盘蔬果安排，是马来西亚健康餐盘概念。
English: A plate arranged with a quarter grains, a quarter protein and half vegetables and fruit follows the Malaysian Healthy Plate concept."
F5 Chp 2,radio,SelangorSet22024_Q23,A,B,C,D,A,Selangor Set 2 2024/Picture23.png,"中文：四分之一谷物、四分之一蛋白质、半盘蔬果，是马来西亚健康餐盘概念。
English: A quarter grains, a quarter protein and half vegetables and fruit follow the Malaysian Healthy Plate concept."
F5 Chp 2,radio,Melaka2024_Q24,A,B,C,D,C,Melaka 2024/Picture24.png,"中文：C 的面汤 380 kcal 加白水 0 kcal，共 380 kcal；加入西瓜或橙汁均增加能量。
English: C has noodle soup 380 kcal plus plain water 0 kcal, totalling 380 kcal; adding watermelon or juice increases the total."
F5 Chp 2,radio,Pahang2024_Q24,A,B,C,D,C,Pahang 2024/Picture24.png,"中文：P 把动物蛋白质分解成铵化合物，是分解作用；Q 把铵转变为硝酸盐，是硝化作用。
English: P breaks animal proteins down into ammonium compounds, so it is decomposition. Q converts ammonium to nitrates, so it is nitrification."
F5 Chp 2,radio,SelangorSet12024_Q24,A,B,C,D,A,Selangor Set 1 2024/Picture24.png,"中文：硝化细菌把铵化合物转为亚硝酸盐再转为硝酸盐，增加土壤硝酸盐。
English: Nitrifying bacteria convert ammonium compounds to nitrites and then nitrates, increasing soil nitrates."
F5 Chp 2,radio,SelangorSet22024_Q24,A,B,C,D,A,Selangor Set 2 2024/Picture24.png,"中文：闪电提供能量让氮和氧反应，形成的含氮物质随雨进入土壤，增加硝酸盐。
English: Lightning provides energy for nitrogen and oxygen to react; nitrogen compounds enter soil with rain and increase nitrates."
F5 Chp 2,radio,Melaka2024_Q25,A,B,C,D,D,Melaka 2024/Picture25.png,"中文：没有黑纸挡光时，光照进入营养液，让藻类光合作用并大量生长。
English: Without black paper, light reaches the nutrient solution and allows algae to photosynthesise and grow."
F5 Chp 2,radio,NegeriSembilan2024_Q25,A,B,C,D,A,Negeri Sembilan 2024/Picture25.png,"中文：能量 = 面包 10 × 10.2 + 牛奶 10 × 2.8 + 鸡蛋 3 × 6.2 = 148.6 kJ。
English: Energy = bread 10 × 10.2 + milk 10 × 2.8 + egg 3 × 6.2 = 148.6 kJ."
F5 Chp 2,radio,Pahang2024_Q25,A,B,C,D,A,Pahang 2024/Picture25.png,"中文：选择产奶量高的牛进行育种，可获得产奶量较高的后代，提高牛奶产量。
English: Selective breeding of high-yield dairy cattle produces offspring with higher milk yields, increasing milk production."
F5 Chp 2,radio,PenangSet12024_Q25,A,B,C,D,A,Penang Set 1 2024/Picture25.png,"中文：P 只吃少量蔬菜，纤维摄取较少，因此较可能便秘；不能仅凭一次早餐判定肥胖。
English: P eats very little vegetable fibre and may therefore develop constipation; obesity cannot be established from one breakfast alone."
F5 Chp 2,radio,PenangSet22024_Q25,A,B,C,D,B,Penang Set 2 2024/Picture25.png,"中文：肥胖会增加患糖尿病的风险；图表不能支持儿童完全没有风险或年龄比肥胖更重要。
English: Obesity increases the risk of diabetes; the charts do not establish that children have no risk or that age is more important than obesity."
F5 Chp 2,radio,SelangorSet12024_Q25,A,B,C,D,C,Selangor Set 1 2024/Picture25.png,"中文：无人机省时并减少劳工成本（Q、R）；克隆保留优良品种特征并维持品质（P、S），所以选 C。
English: Drones save time and reduce labour costs (Q, R); cloning retains desirable breed characteristics and quality (P, S), matching C."
F5 Chp 2,radio,SelangorSet22024_Q25,A,B,C,D,C,Selangor Set 2 2024/Picture25.png,"中文：无人机节省时间及劳工成本（Q、R）；克隆保留优良品种特征及品质（P、S），对应 C。
English: Drones save time and labour costs (Q, R); cloning retains desirable breed characteristics and quality (P, S), matching C."
F5 Chp 2,radio,Kedah2024_Q26,A,B,C,D,C,Kedah 2024/Picture26.png,"中文：只供氮和钾表示缺少磷；按课本，缺磷使新芽较小并呈紫色。
English: Supplying nitrogen and potassium leaves phosphorus deficient; the textbook symptom is smaller, purplish shoots."
F5 Chp 2,radio,Kelantan2024_Q26,A,B,C,D,B,Kelantan 2024/Picture26.png,"中文：缺氮降低叶绿素形成，幼苗叶片呈浅绿或黄色。
English: Nitrogen deficiency reduces chlorophyll formation, making the seedling leaves pale green or yellow."
F5 Chp 2,radio,KelantanYik2024_Q26,A,B,C,D,A,Kelantan YIK 2024/Picture26.png,"中文：缺维生素 D 影响钙吸收和骨骼矿化，儿童可出现佝偻病。
English: Vitamin D deficiency impairs calcium absorption and bone mineralisation, causing rickets in children."
F5 Chp 2,radio,Melaka2024_Q26,A,B,C,D,D,Melaka 2024/Picture26.png,"中文：反硝化细菌把土壤硝酸盐转成氮气，令氮返回大气。
English: Denitrifying bacteria convert soil nitrates into nitrogen gas, returning nitrogen to the atmosphere."
F5 Chp 2,radio,NegeriSembilan2024_Q26,A,B,C,D,D,Negeri Sembilan 2024/Picture26.png,"中文：洋葱可经伽马射线辐照，抑制发芽并减少微生物，延长保存期。
English: Gamma irradiation of onions inhibits sprouting and reduces microorganisms, extending storage life."
F5 Chp 2,radio,Pahang2024_Q26,A,B,C,D,C,Pahang 2024/Picture26.png,"中文：X 的低温加热后迅速冷却是巴氏杀菌，可用于果汁；Y 脱水制干果；Z 发酵可生产天贝，因此选 C。
English: X uses heating followed by rapid cooling for pasteurisation of juice; Y dehydrates fruit; Z uses fermentation to produce tempeh, matching C."
F5 Chp 2,radio,PenangSet12024_Q26,A,B,C,D,A,Penang Set 1 2024/Picture26.png,"中文：磷是植物生长的重要养分，可促进根部发展以及花和果实的形成。
English: Phosphorus is an important plant nutrient that promotes root development and the formation of flowers and fruits."
F5 Chp 2,radio,PenangSet22024_Q26,A,B,C,D,D,Penang Set 2 2024/Picture26.png,"中文：T 的叶片褐斑、卷曲和失绿是课本列出的缺钾症状，所以应补充含钾肥料。
English: Brown patches, curled leaf tips and chlorosis in T match textbook potassium-deficiency symptoms, so potassium fertiliser is needed."
F5 Chp 2,radio,Perak2024_Q26,A,B,C,D,D,Perak 2024/Picture26.png,"中文：早餐目标＝2200×25%＝550 kJ。D 的热量＝9×15.5＋10×10.5＋1×30＋100×2.6＝534.5 kJ，最接近目标。
English: Breakfast target = 2200 × 25% = 550 kJ. D provides 9 × 15.5 + 10 × 10.5 + 1 × 30 + 100 × 2.6 = 534.5 kJ, closest to the target."
F5 Chp 2,radio,SelangorSet12024_Q26,A,B,C,D,B,Selangor Set 1 2024/Picture26.png,"中文：查看日期标示能避免购买已过保存期限、较可能变质的面包。
English: Checking the date marking helps avoid bread beyond its storage life and more likely to have spoiled."
F5 Chp 2,radio,SelangorSet22024_Q26,A,B,C,D,B,Selangor Set 2 2024/Picture26.png,"中文：现有答案 B 的日期标示可确认牛奶尚未过期；若强调“保持新鲜”，D 的储存指示更直接，因为它说明冷藏等保存条件。
English: Existing answer B, the date marking, checks that milk has not expired. If the focus is maintaining freshness, D, storage instructions, is more direct because it specifies conditions such as refrigeration."
F5 Chp 2,radio,Kedah2024_Q27,A,B,C,D,A,Kedah 2024/Picture27.png,"中文：豆科根瘤中的固氮细菌把空气中的氮转成植物可利用的含氮物质。
English: Nitrogen-fixing bacteria in legume root nodules convert atmospheric nitrogen into nitrogen compounds usable by plants."
F5 Chp 2,radio,Kelantan2024_Q27,A,B,C,D,C,Kelantan 2024/Picture27.png,"中文：总能量 = 面 50 × 15.0 + 蛋 20 × 6.5 + 果汁 120 × 2.5 = 1,180 kJ。
English: Total energy = noodles 50 × 15.0 + egg 20 × 6.5 + juice 120 × 2.5 = 1,180 kJ."
F5 Chp 2,radio,KelantanYik2024_Q27,A,B,C,D,C,Kelantan YIK 2024/Picture27.png,"中文：按题目糖尿病饮食概念，减少过多碳水化合物摄入，可减少消化后进入血液的葡萄糖。
English: In the question's diabetes-diet concept, reducing excessive carbohydrate intake reduces the glucose produced during digestion."
F5 Chp 2,radio,Melaka2024_Q27,A,B,C,D,C,Melaka 2024/Picture27.png,"中文：淀粉可稳定食物质地及使混合物较均匀；糖、盐和醋常用于调味或保存。
English: Starch stabilises food texture and mixtures; sugar, salt and vinegar are commonly used for flavouring or preservation."
F5 Chp 2,radio,PenangSet12024_Q27,A,B,C,D,C,Penang Set 1 2024/Picture27.png,"中文：有机肥增加土壤有机质，改善土壤结构，并在分解时持续释放养分。
English: Organic fertiliser adds organic matter, improves soil structure and releases nutrients gradually during decomposition."
F5 Chp 2,radio,PenangSet22024_Q27,A,B,C,D,C,Penang Set 2 2024/Picture27.png,"中文：反硝化作用把过量硝酸盐转变为氮气返回大气，可减少环境中的硝酸盐累积。
English: Denitrification converts excess nitrates to nitrogen gas released into the atmosphere, reducing nitrate accumulation."
F5 Chp 2,radio,Perak2024_Q27,A,B,C,D,C,Perak 2024/Picture27.png,"中文：P 把土壤氮转为氮气返回大气，维持大气氮含量；Q 经豆科根瘤菌固氮，最终增加土壤氮养分和硝酸盐。
English: P returns soil nitrogen to the atmosphere as nitrogen gas, maintaining atmospheric nitrogen. Q involves nitrogen fixation by legume root-nodule bacteria, ultimately increasing soil nitrogen nutrients and nitrates."
F5 Chp 2,radio,Smka2024_Q27,A,B,C,D,B,SMKA 2024/Picture27.png,"中文：B 的甜品、甜甜圈和巧克力含较多糖；长期过量摄取增加肥胖及糖尿病风险，符合本题的饮食重点。
English: B shows sugary desserts, doughnuts and chocolate; prolonged excessive intake increases obesity and diabetes risk, matching the question's dietary focus."
F5 Chp 2,radio,Kedah2024_Q28,A,B,C,D,D,Kedah 2024/Picture28.png,"中文：图示营养液循环的水耕系统，营养液可重复利用，因此减少肥料浪费。
English: The hydroponic system recirculates nutrient solution, reducing fertiliser wastage."
F5 Chp 2,radio,Kelantan2024_Q28,A,B,C,D,A,Kelantan 2024/Picture28.png,"中文：过量肥料流入水体带来硝酸盐和磷酸盐，促进藻类大量繁殖，造成富营养化。
English: Excess fertiliser supplies nitrates and phosphates to water, causing algal blooms and eutrophication."
F5 Chp 2,radio,KelantanYik2024_Q28,A,B,C,D,B,Kelantan YIK 2024/Picture28.png,"中文：原答案 B 写亚硝酸盐转成铵，但图中 J 箭头实际由铵指向亚硝酸盐，是硝化作用，之后形成硝酸盐。B 方向颠倒；A 增加土壤硝酸盐较符合其整体作用。
English: The key B says nitrite becomes ammonium, but arrow J shows ammonium becoming nitrite during nitrification, followed by nitrate formation. B reverses the process; A better describes its overall contribution to soil nitrate."
F5 Chp 2,radio,PenangSet12024_Q28,A,B,C,D,B,Penang Set 1 2024/Picture28.png,"中文：晒干鱼类减少水分，抑制微生物及酶的活动而延长保存期。现有答案 B 写“消除所有细菌”过于绝对；C“减少酶活动”较合理。
English: Drying fish removes moisture and inhibits microbial and enzyme activity. Existing answer B claims all bacteria are eliminated, which is too absolute; C, reduced enzyme activity, is more reasonable."
F5 Chp 2,radio,PenangSet22024_Q28,A,B,C,D,A,Penang Set 2 2024/Picture28.png,"中文：辐照能减少害虫和微生物、延缓成熟，以较少改变营养的方式延长出口蔬菜的保存期。
English: Irradiation reduces pests and microorganisms and delays ripening, extending the storage life of exported vegetables with limited nutrient changes."
F5 Chp 2,radio,Perak2024_Q28,A,B,C,D,B,Perak 2024/Picture28.png,"中文：图中是牛奶，巴氏杀菌以适当温度短时加热后快速冷却，减少致病微生物并延长保存期。
English: The product is milk; pasteurisation heats it briefly at a suitable temperature and cools it rapidly, reducing pathogens and extending storage life."
F5 Chp 2,radio,Smka2024_Q28,A,B,C,D,D,SMKA 2024/Picture28.png,"中文：叶片发黄、容易脱落和生长表现异常符合课本缺氮描述；含氮肥料帮助制造蛋白质及叶绿素。
English: Yellowing and falling leaves with poor growth match textbook nitrogen deficiency; nitrogen fertiliser supports protein and chlorophyll production."
F5 Chp 2,radio,Smka2024_Q29,A,B,C,D,B,SMKA 2024/Picture29.png,"中文：反硝化细菌把土壤硝酸盐转为氮气返回大气，因此减少土壤硝酸盐。
English: Denitrifying bacteria convert soil nitrates to nitrogen gas released into the atmosphere, reducing soil nitrates."
F5 Chp 2,radio,Perak2024_Q30,A,B,C,D,B,Perak 2024/Picture30.png,"中文：优良品种有适合的遗传特征，是生产高品质玉米的直接方法。
English: A quality crop variety has suitable inherited traits and directly supports production of high-quality maize."
F5 Chp 2,radio,Smka2024_Q30,A,B,C,D,D,SMKA 2024/Picture30.png,"中文：按答案 D，应理解为长期过量糖摄取导致代谢疾病后，可能间接损害肝和肾；不是正常吃糖就直接使器官受损，题干欠缺“过量”的条件。
English: Following D, prolonged excessive sugar intake may lead to metabolic disease and indirectly damage the liver and kidneys. Normal sugar intake does not directly cause this; the question omits the excessive-intake condition."
F5 Chp 3,radio,NegeriSembilan2024_Q27,A,B,C,D,A,Negeri Sembilan 2024/Picture27.png,"中文：避免食物浪费减少生产、运输与废物处理的资源消耗，属于有利环境的碳手印行为。
English: Preventing food waste reduces resources used in production, transport and disposal, creating a positive carbon handprint."
F5 Chp 3,radio,Pahang2024_Q27,A,B,C,D,B,Pahang 2024/Picture27.png,"中文：核废料、电子废料等若处理不当，会把有害物质带入土壤，造成土壤污染。
English: Improper disposal of nuclear and electronic waste introduces harmful substances into soil, causing soil pollution."
F5 Chp 3,radio,SelangorSet12024_Q27,A,B,C,D,B,Selangor Set 1 2024/Picture27.png,"中文：延长产品生命周期应采用 5R，如减少、再用、回收，A 更直接。现有答案 B 太阳能板能减碳，但不是题干所问的延长产品生命周期方法。
English: Extending product life calls for 5R practices such as reduction, reuse and recycling, making A more direct. Existing answer B, solar panels, reduces emissions but does not specifically answer product-life extension."
F5 Chp 3,radio,SelangorSet22024_Q27,A,B,C,D,C,Selangor Set 2 2024/Picture27.png,"中文：碳汇如森林能吸收并储存二氧化碳，是从空气移除碳的措施。
English: Carbon sinks such as forests absorb and store carbon dioxide, removing it from the air."
F5 Chp 3,radio,Melaka2024_Q28,A,B,C,D,B,Melaka 2024/Picture28.png,"中文：可充电电池能多次使用，延长产品寿命，减少制造和丢弃一次性电池的需要。
English: Rechargeable batteries can be reused, extending product life and reducing the need to make and discard single-use batteries."
F5 Chp 3,radio,NegeriSembilan2024_Q28,A,B,C,D,C,Negeri Sembilan 2024/Picture28.png,"中文：褪色越慢，水中氧越多；按 15、30、60、90 分钟排列，氧含量由低至高为 R、Q、S、P。
English: Slower decolourisation indicates more oxygen; times 15, 30, 60 and 90 minutes give increasing oxygen content R, Q, S and P."
F5 Chp 3,radio,Pahang2024_Q28,A,B,C,D,D,Pahang 2024/Picture28.png,"中文：微藻通过光合作用吸收二氧化碳，因此能帮助降低环境中的碳排放。
English: Microalgae absorb carbon dioxide through photosynthesis, helping reduce carbon emissions in the environment."
F5 Chp 3,radio,SelangorSet12024_Q28,A,B,C,D,A,Selangor Set 1 2024/Picture28.png,"中文：增加碳足迹的活动排放更多温室气体，造成图中地球温度逐渐上升。
English: Activities that increase the carbon footprint emit more greenhouse gases, contributing to the rise in Earth's temperature shown."
F5 Chp 3,radio,SelangorSet22024_Q28,A,B,C,D,D,Selangor Set 2 2024/Picture28.png,"中文：过量二氧化碳增强温室效应，全球暖化使冰川融化、海水热膨胀，导致海平面上升。
English: Excess carbon dioxide strengthens the greenhouse effect; warming melts ice and expands seawater, raising sea level."
F5 Chp 3,radio,Kedah2024_Q29,A,B,C,D,C,Kedah 2024/Picture29.png,"中文：耗电 = 0.075 × 4 = 0.3 kWh；按给定系数，碳排放 = 0.3/50 × 39 = 0.234 g。
English: Energy used = 0.075 × 4 = 0.3 kWh; using the given factor, emissions = 0.3/50 × 39 = 0.234 g."
F5 Chp 3,radio,Kelantan2024_Q29,A,B,C,D,C,Kelantan 2024/Picture29.png,"中文：微藻进行光合作用，以二氧化碳制造有机物，减少空气中二氧化碳。
English: Microalgae use carbon dioxide to make organic substances during photosynthesis, reducing atmospheric carbon dioxide."
F5 Chp 3,radio,KelantanYik2024_Q29,A,B,C,D,B,Kelantan YIK 2024/Picture29.png,"中文：开垦森林作工业用途减少吸收二氧化碳的树木，也可能释放储存碳，增加碳足迹。
English: Clearing forest for industry reduces carbon uptake and may release stored carbon, increasing the carbon footprint."
F5 Chp 3,radio,Melaka2024_Q29,A,B,C,D,C,Melaka 2024/Picture29.png,"中文：火山熔岩、火山灰和热量会破坏动植物栖息地，直接影响生态环境。
English: Volcanic lava, ash and heat can destroy plant and animal habitats, directly damaging ecosystems."
F5 Chp 3,radio,PenangSet12024_Q29,A,B,C,D,A,Penang Set 1 2024/Picture29.png,"中文：升级再造把废塑料制成有新用途或更高价值的物品，减少塑料废料。
English: Upcycling turns waste plastic into products with new uses or higher value, reducing plastic waste."
F5 Chp 3,radio,PenangSet22024_Q29,A,B,C,D,B,Penang Set 2 2024/Picture29.png,"中文：五颗星表示高能源效率：提供相同功能时，使用的电能较少。
English: Five stars indicate high energy efficiency: the appliance uses less electricity to provide the same function."
F5 Chp 3,radio,Perak2024_Q29,A,B,C,D,B,Perak 2024/Picture29.png,"中文：把饮料罐升级再造成其他有用途的产品，可减少废弃物和污染。
English: Upcycling drink cans into other useful products reduces waste and pollution."
F5 Chp 3,radio,SelangorSet12024_Q29,A,B,C,D,B,Selangor Set 1 2024/Picture29.png,"中文：植物利用光能把二氧化碳和水转变为葡萄糖和氧气，这是光合作用。
English: Plants use light energy to convert carbon dioxide and water into glucose and oxygen; this is photosynthesis."
F5 Chp 3,radio,SelangorSet22024_Q29,A,B,C,D,B,Selangor Set 2 2024/Picture29.png,"中文：节庆烟花是快速燃烧反应，在短时间释放热和光。
English: Festival fireworks involve rapid combustion, releasing heat and light in a short time."
F5 Chp 3,radio,Kedah2024_Q30,A,B,C,D,C,Kedah 2024/Picture30.png,"中文：污染水含较多可分解废物，微生物消耗更多氧气，所以生化需氧量 BOD 较高。
English: Polluted water contains more decomposable waste, so microorganisms consume more oxygen and the BOD is higher."
F5 Chp 3,radio,Melaka2024_Q30,A,B,C,D,C,Melaka 2024/Picture30.png,"中文：海洋微藻在光合作用中吸收二氧化碳，降低该温室气体的含量。
English: Marine microalgae absorb carbon dioxide during photosynthesis, reducing this greenhouse gas."
F5 Chp 3,radio,PenangSet12024_Q30,A,B,C,D,B,Penang Set 1 2024/Picture30.png,"中文：Q 的亚甲蓝在 30 分钟内褪色，时间最短，表示耗氧最快、污染最严重。
English: Q decolourises methylene blue in 30 minutes, the shortest time, indicating the fastest oxygen depletion and greatest pollution."
F5 Chp 3,radio,PenangSet22024_Q30,A,B,C,D,C,Penang Set 2 2024/Picture30.png,"中文：污染较严重的水中微生物耗氧较快；氧气含量降低时，亚甲蓝会更快褪色。
English: Microorganisms consume oxygen faster in more polluted water; lower oxygen content makes methylene blue decolourise sooner."
F5 Chp 3,radio,Smka2024_Q31,A,B,C,D,C,SMKA 2024/Picture31.png,"中文：BOD 高表示微生物分解有机物需氧量大，水中的溶解氧被大量消耗，所以含量较低。
English: High BOD indicates high oxygen demand for microbial decomposition of organic matter, depleting dissolved oxygen in the water."
F5 Chp 4,radio,NegeriSembilan2024_Q29,A,B,C,D,D,Negeri Sembilan 2024/Picture29.png,"中文：反应物在箭头左边，本反应是盐酸与氢氧化钠；氯化钠和水是产物。
English: Reactants are on the left of the arrow: hydrochloric acid and sodium hydroxide; sodium chloride and water are products."
F5 Chp 4,radio,Pahang2024_Q29,A,B,C,D,B,Pahang 2024/Picture29.png,"中文：反应在 80 s 已完成，产生 30 cm³ 气体；平均速率＝30÷80＝0.375≈0.38 cm³/s，不用后续停止反应的时间。
English: The reaction finishes at 80 s after producing 30 cm³ of gas. Average rate = 30 ÷ 80 = 0.375 ≈ 0.38 cm³/s, excluding time after completion."
F5 Chp 4,radio,Kelantan2024_Q30,A,B,C,D,B,Kelantan 2024/Picture30.png,"中文：气体在 180 秒已达到最终 45 cm³；总体平均速率 = 45 ÷ 180 = 0.25 cm³/s，不能用反应结束后的 210 秒。
English: The final 45 cm³ is reached at 180 s; overall average rate = 45 ÷ 180 = 0.25 cm³/s, excluding time after completion."
F5 Chp 4,radio,KelantanYik2024_Q30,A,B,C,D,A,Kelantan YIK 2024/Picture30.png,"中文：第 6 分钟即 360 秒时曲线已经水平，气体不再增加，瞬时速率为 0.0 cm³/s。
English: At the sixth minute, 360 s, the curve is horizontal, so no more gas is produced and the rate is 0.0 cm³/s."
F5 Chp 4,radio,NegeriSembilan2024_Q30,A,B,C,D,C,Negeri Sembilan 2024/Picture30.png,"中文：催化剂降低活化能，加快反应但不改变最终产物总量。
English: A catalyst lowers activation energy and speeds up the reaction without changing the final total amount of product."
F5 Chp 4,radio,Pahang2024_Q30,A,B,C,D,A,Pahang 2024/Picture30.png,"中文：接触法使用五氧化二钒作为催化剂，加速二氧化硫氧化成三氧化硫。
English: The Contact process uses vanadium(V) oxide as a catalyst to speed up oxidation of sulphur dioxide to sulphur trioxide."
F5 Chp 4,radio,SelangorSet12024_Q30,A,B,C,D,B,Selangor Set 1 2024/Picture30.png,"中文：压力锅内压力较高，提高水的沸点和烹煮温度，反应较快，食物更快煮熟。
English: Higher pressure in a pressure cooker raises water's boiling point and cooking temperature, speeding up reactions and cooking food faster."
F5 Chp 4,radio,SelangorSet22024_Q30,A,B,C,D,A,Selangor Set 2 2024/Picture30.png,"中文：冰箱降低温度，减慢食物腐败相关反应和微生物活动，使蔬果保存较久。
English: A refrigerator lowers temperature, slowing spoilage reactions and microbial activity so fruit and vegetables last longer."
F5 Chp 4,radio,Kedah2024_Q31,A,B,C,D,C,Kedah 2024/Picture31.png,"中文：甲烷燃烧是快速反应，反应物短时间内大量减少；石油形成、发酵及光合作用较慢。
English: Methane combustion is a rapid reaction that quickly uses up reactants; petroleum formation, fermentation and photosynthesis are slower."
F5 Chp 4,radio,Kelantan2024_Q31,A,B,C,D,B,Kelantan 2024/Picture31.png,"中文：Haber 法采用约 200 atm 高压提高合成氨速率；催化剂是铁而非硫，氮氢比为 1:3。
English: The Haber process uses about 200 atm to increase ammonia production rate; iron is the catalyst and the nitrogen:hydrogen ratio is 1:3."
F5 Chp 4,radio,KelantanYik2024_Q31,A,B,C,D,C,Kelantan YIK 2024/Picture31.png,"中文：五氧化二钒催化剂、约一大气压等条件对应接触法，最终产品为硫酸。
English: Vanadium(V) oxide and about one atmosphere identify the Contact process, whose final product is sulphuric acid."
F5 Chp 4,radio,Melaka2024_Q31,A,B,C,D,D,Melaka 2024/Picture31.png,"中文：总体反应速率 = 反应物减少量 ÷ 时间 = 0.6/15 = 0.04 g/s。
English: Average reaction rate = mass of reactant used ÷ time = 0.6/15 = 0.04 g/s."
F5 Chp 4,radio,NegeriSembilan2024_Q31,A,B,C,D,A,Negeri Sembilan 2024/Picture31.png,"中文：按课本 Haber 法操作条件，约 450–500°C 能保持较快反应，答案采用 500°C；催化剂应是铁而非五氧化二钒。
English: Under the textbook Haber-process conditions, about 450–500°C gives a workable reaction rate, so the key selects 500°C; the catalyst is iron, not vanadium(V) oxide."
F5 Chp 4,radio,PenangSet12024_Q31,A,B,C,D,B,Penang Set 1 2024/Picture31.png,"中文：课本列出的反应速率因素包括表面积、温度、浓度及催化剂；反应物质量本身不是所列的独立因素。
English: The textbook factors include surface area, temperature, concentration and catalysts; reactant mass alone is not listed as an independent factor."
F5 Chp 4,radio,PenangSet22024_Q31,A,B,C,D,C,Penang Set 2 2024/Picture31.png,"中文：慢反应每单位时间消耗的反应物较少，所以反应物数量缓慢减少。
English: A slow reaction consumes less reactant per unit time, so the quantity of reactants decreases slowly."
F5 Chp 4,radio,Perak2024_Q31,A,B,C,D,D,Perak 2024/Picture31.png,"中文：烟花爆炸在极短时间释放大量能量，是快速反应；腐烂和生锈较慢。
English: Fireworks release large amounts of energy in a very short time, making them a fast reaction; decay and rusting are slower."
F5 Chp 4,radio,Kedah2024_Q32,A,B,C,D,C,Kedah 2024/Picture32.png,"中文：30°C 较 60°C 反应慢，Q 初始斜率较小、较迟结束；反应物量不变，最终氢气体积相同。
English: At 30°C the reaction is slower, so Q has a smaller initial gradient and finishes later, but the same reactant amount gives the same final gas volume."
F5 Chp 4,radio,Melaka2024_Q32,A,B,C,D,A,Melaka 2024/Picture32.png,"中文：较浓的酸增加粒子数，粉末增加表面积，所以 P（1.0 mol/dm³）与 R（粉末）反应最快。
English: Concentrated acid provides more reacting particles and powder provides more surface area, so P with R reacts fastest."
F5 Chp 4,radio,PenangSet12024_Q32,A,B,C,D,D,Penang Set 1 2024/Picture32.png,"中文：哈伯法中的铁粉是催化剂，作用是加快氮和氢生成氨的反应。
English: Iron powder is a catalyst in the Haber process, speeding up the reaction of nitrogen and hydrogen to form ammonia."
F5 Chp 4,radio,PenangSet22024_Q32,A,B,C,D,A,Penang Set 2 2024/Picture32.png,"中文：冰箱降低温度，减慢导致食物腐败的化学、酶和微生物相关反应，因此食物保存较久。
English: A refrigerator lowers temperature and slows chemical, enzyme and microbial processes causing spoilage, extending food storage life."
F5 Chp 4,radio,Perak2024_Q32,A,B,C,D,D,Perak 2024/Picture32.png,"中文：接触法用五氧化二钒作为催化剂，加快二氧化硫和氧气生成三氧化硫的反应。
English: The Contact process uses vanadium(V) oxide as a catalyst to speed up sulphur dioxide reacting with oxygen to form sulphur trioxide."
F5 Chp 4,radio,Smka2024_Q32,A,B,C,D,B,SMKA 2024/Picture32.png,"中文：提高硫酸浓度，使单位体积中反应粒子更多、有效碰撞更频繁，反应速率增加。
English: Higher sulphuric-acid concentration provides more reacting particles per unit volume and more frequent effective collisions, increasing reaction rate."
F5 Chp 4,radio,Smka2024_Q33,A,B,C,D,D,SMKA 2024/Picture33.png,"中文：哈伯法用约 200 atm 的高压促进氨生成；催化剂是铁，氮：氢为 1：3，选项 D 正确。
English: The Haber process uses high pressure around 200 atm to favour ammonia production; the catalyst is iron and nitrogen:hydrogen is 1:3, so D is correct."
F5 Chp 5,radio,Pahang2024_Q31,A,B,C,D,C,Pahang 2024/Picture31.png,"中文：图中的烃只有碳碳单键，属于烷烃，其通式是 CnH2n+2。
English: The hydrocarbon contains only carbon–carbon single bonds, so it is an alkane with general formula CnH2n+2."
F5 Chp 5,radio,SelangorSet12024_Q31,A,B,C,D,D,Selangor Set 1 2024/Picture31.png,"中文：戊烷有 5 个碳原子，分子式 C5H12；D 的名称与碳数配对正确。
English: Pentane has five carbon atoms and formula C5H12, so D correctly pairs the name and carbon count."
F5 Chp 5,radio,SelangorSet22024_Q31,A,B,C,D,D,Selangor Set 2 2024/Picture31.png,"中文：戊烯有 5 个碳原子，并含一个碳碳双键，分子式 C5H10，D 的配对正确。
English: Pentene has five carbons and one carbon–carbon double bond, with formula C5H10, so D is correctly paired."
F5 Chp 5,radio,Kelantan2024_Q32,A,B,C,D,D,Kelantan 2024/Picture32.png,"中文：棕榈油与氢氧化钠发生皂化，生成肥皂和甘油。
English: Palm oil reacts with sodium hydroxide in saponification to produce soap and glycerol."
F5 Chp 5,radio,KelantanYik2024_Q32,A,B,C,D,B,Kelantan YIK 2024/Picture32.png,"中文：乙烷属于烷烃，通式 CnH2n+2；乙烯属于烯烃 CnH2n。
English: Ethane is an alkane with general formula CnH2n+2; ethene is an alkene with formula CnH2n."
F5 Chp 5,radio,NegeriSembilan2024_Q32,A,B,C,D,C,Negeri Sembilan 2024/Picture32.png,"中文：题目把视力模糊、失去平衡及心跳很快配为酒精影响，答案 C；这些资料用于课程辨认，并不单独证明真实诊断。
English: The question associates blurred vision, loss of balance and rapid heartbeat with alcohol effects, giving C; these are syllabus identification clues rather than a definitive real diagnosis."
F5 Chp 5,radio,Pahang2024_Q32,A,B,C,D,A,Pahang 2024/Picture32.png,"中文：酵母中的酶使葡萄糖在缺氧条件下分解成乙醇和二氧化碳，这个过程是发酵。
English: Yeast enzymes break glucose down into ethanol and carbon dioxide without oxygen; this process is fermentation."
F5 Chp 5,radio,SelangorSet12024_Q32,A,B,C,D,A,Selangor Set 1 2024/Picture32.png,"中文：脂肪是由碳、氢和氧三种元素组成的有机物。
English: Fats are organic substances composed of carbon, hydrogen and oxygen."
F5 Chp 5,radio,SelangorSet22024_Q32,A,B,C,D,D,Selangor Set 2 2024/Picture32.png,"中文：按 SPM 课本的一般分类，植物油主要归为不饱和脂肪，含碳碳双键。
English: Under the general SPM textbook classification, plant oils are mainly classified as unsaturated fats containing carbon–carbon double bonds."
F5 Chp 5,radio,Kedah2024_Q33,A,B,C,D,A,Kedah 2024/Picture33.png,"中文：死亡动植物在 X 被分解，碳进入后续循环；图中箭头由动植物指向 X。
English: Dead plants and animals are decomposed at X, returning their carbon to the cycle as shown by the arrows."
F5 Chp 5,radio,Kelantan2024_Q33,A,B,C,D,A,Kelantan 2024/Picture33.png,"中文：在所给选项中，酒精是可溶解有机指甲油成分的有机溶剂；不是选气态烃或肥皂。
English: Among the options, alcohol is an organic solvent capable of dissolving nail-polish components, unlike the gases or soap listed."
F5 Chp 5,radio,KelantanYik2024_Q33,A,B,C,D,C,Kelantan YIK 2024/Picture33.png,"中文：发酵液蒸馏所得 Z 是乙醇，可作为多种药物的溶剂。
English: Z obtained by distilling fermented liquid is ethanol, used as a solvent for various medicines."
F5 Chp 5,radio,Melaka2024_Q33,A,B,C,D,B,Melaka 2024/Picture33.png,"中文：结构有碳碳双键 C=C，属于不饱和烯烃同系物。
English: The structure contains a carbon–carbon double bond, C=C, identifying the alkene homologous series."
F5 Chp 5,radio,NegeriSembilan2024_Q33,A,B,C,D,B,Negeri Sembilan 2024/Picture33.png,"中文：葡萄含较多糖，可供酵母发酵产生乙醇，适合替代纯葡萄糖。
English: Grapes contain sugars that yeast can ferment to produce ethanol, replacing pure glucose."
F5 Chp 5,radio,Pahang2024_Q33,A,B,C,D,C,Pahang 2024/Picture33.png,"中文：K 是乳酪，按课本属于较多饱和脂肪、熔点较高；L 是玉米油，较多不饱和脂肪、熔点较低。
English: K is cheese, classified as richer in saturated fat with a higher melting point; L is corn oil, richer in unsaturated fat with a lower melting point."
F5 Chp 5,radio,PenangSet12024_Q33,A,B,C,D,C,Penang Set 1 2024/Picture33.png,"中文：石灰石主要含碳酸钙，碳酸盐属于无机碳化合物。
English: Limestone mainly contains calcium carbonate; carbonates are inorganic carbon compounds."
F5 Chp 5,radio,PenangSet22024_Q33,A,B,C,D,C,Penang Set 2 2024/Picture33.png,"中文：光合作用吸收二氧化碳来制造有机物，因此减少碳循环中的二氧化碳。
English: Photosynthesis absorbs carbon dioxide to produce organic substances, reducing carbon dioxide in the carbon cycle."
F5 Chp 5,radio,Perak2024_Q33,A,B,C,D,C,Perak 2024/Picture33.png,"中文：丁烷和己烷都是烷烃，只有碳碳单键，符合通式 CnH2n+2。
English: Butane and hexane are alkanes with only carbon–carbon single bonds, fitting CnH2n+2."
F5 Chp 5,radio,SelangorSet12024_Q33,A,B,C,D,A,Selangor Set 1 2024/Picture33.png,"中文：X 是高温蒸汽处理的灭菌阶段，杀死微生物并抑制会破坏油脂的酶。
English: X is the steam-sterilisation stage, killing microorganisms and inactivating enzymes that could spoil the oil."
F5 Chp 5,radio,SelangorSet22024_Q33,A,B,C,D,C,Selangor Set 2 2024/Picture33.png,"中文：X 是脱果步骤，把油棕果从果串上分离，方便进行后续处理。
English: X is threshing, separating oil palm fruits from their bunches for subsequent processing."
F5 Chp 5,radio,Kedah2024_Q34,A,B,C,D,A,Kedah 2024/Picture34.png,"中文：酵母使糖发酵，产生乙醇和二氧化碳；蒸馏只是分离乙醇。
English: Yeast ferments sugar to produce ethanol and carbon dioxide; distillation only separates the ethanol."
F5 Chp 5,radio,Melaka2024_Q34,A,B,C,D,D,Melaka 2024/Picture34.png,"中文：乙二醇降低冷却液凝固点，用作防冻剂；题目的用途是 antibeku。
English: Ethanediol lowers the freezing point of coolant and is used as an antifreeze."
F5 Chp 5,radio,NegeriSembilan2024_Q34,A,B,C,D,B,Negeri Sembilan 2024/Picture34.png,"中文：灭菌以热处理杀死微生物，并抑制会降低棕榈油品质的酶活性。
English: Sterilisation kills microorganisms and inhibits enzymes that could reduce palm-oil quality."
F5 Chp 5,radio,Pahang2024_Q34,A,B,C,D,B,Pahang 2024/Picture34.png,"中文：R 是果肉（中果皮），储存最多棕榈油；果仁也含油，但不是图中产油最多的部分。
English: R is the fleshy mesocarp, which contains most palm oil. The kernel also contains oil but is not the main oil-producing part shown."
F5 Chp 5,radio,PenangSet12024_Q34,A,B,C,D,A,Penang Set 1 2024/Picture34.png,"中文：图示海洋生物遗骸被沉积物覆盖后形成油气，X 指向下层液态石油，应是 B。现有答案 A 煤通常来自陆地植物遗骸，与图不符。
English: The diagram shows marine remains forming oil and gas under sediments; X points to the lower liquid petroleum layer, so B fits. Existing answer A, coal, normally forms from terrestrial plant remains and does not match."
F5 Chp 5,radio,PenangSet22024_Q34,A,B,C,D,D,Penang Set 2 2024/Picture34.png,"中文：图中有 3 个碳、8 个氢且全部单键，实际画的是丙烷 C3H8。现有答案 D 是丙烯，应含碳碳双键且为 C3H6；图或选项有笔误。
English: The drawing has three carbons, eight hydrogens and only single bonds, so it shows propane, C3H8. Existing answer D is propene, which should contain a double bond and be C3H6; the drawing or option has a typo."
F5 Chp 5,radio,Perak2024_Q34,A,B,C,D,A,Perak 2024/Picture34.png,"中文：酒精可燃烧产生蓝色、少烟或无烟的火焰，符合图中观察。
English: Alcohol burns with a blue, largely soot-free flame, matching the observation."
F5 Chp 5,radio,Smka2024_Q34,A,B,C,D,C,SMKA 2024/Picture34.png,"中文：结构有 4 个碳、全部碳碳单键，分子式 C4H10，是丁烷。
English: The structure has four carbons and only carbon–carbon single bonds, giving C4H10, butane."
F5 Chp 5,radio,Kedah2024_Q35,A,B,C,D,A,Kedah 2024/Picture35.png,"中文：按 SPM 概念，植物油多含不饱和脂肪，可作为减少饱和脂肪摄入的选择，帮助降低胆固醇积聚。
English: At SPM level, plant oils generally contain unsaturated fats and can replace saturated fats to help reduce cholesterol build-up."
F5 Chp 5,radio,Melaka2024_Q35,A,B,C,D,A,Melaka 2024/Picture35.png,"中文：按用户指定的 SPM 程度，棕榈油营养包括维生素 A、维生素 E 和 β-胡萝卜素；选项中选维生素 A。
English: At the user's specified SPM level, palm-oil nutrients include vitamin A, vitamin E and beta-carotene; vitamin A is the listed answer."
F5 Chp 5,radio,Perak2024_Q35,A,B,C,D,B,Perak 2024/Picture35.png,"中文：玉米油与氢氧化钠进行皂化，生成肥皂和甘油；P 是可溶于水的肥皂。
English: Corn oil reacts with sodium hydroxide in saponification to produce soap and glycerol; P is soap, which dissolves in water."
F5 Chp 5,radio,Smka2024_Q35,A,B,C,D,A,SMKA 2024/Picture35.png,"中文：答案纸选 A 花生酱，按本题将过量高脂加工食品与动脉脂质沉积联系。须注意天然花生脂肪主要不饱和，不能把所有花生酱一概视为高胆固醇食品。
English: The key selects A, peanut butter, linking excessive fatty processed food with arterial deposits. Natural peanut fat is mainly unsaturated, so not every peanut butter should be treated as a high-cholesterol food."
F5 Chp 5,radio,Smka2024_Q36,A,B,C,D,B,SMKA 2024/Picture36.png,"中文：按图的答案标示，Q 是果仁，可提取品质良好的棕榈仁油；外层果肉则主要产生棕榈油。
English: According to the keyed diagram label, Q is the kernel, which yields quality palm-kernel oil; the surrounding mesocarp mainly produces palm oil."
F5 Chp 6,radio,Kelantan2024_Q34,A,B,C,D,D,Kelantan 2024/Picture34.png,"中文：简单化学电池由两种不同金属插入电解质，并接成外电路，把化学能转成电能。
English: A simple chemical cell uses two different metals in an electrolyte with an external circuit, converting chemical energy to electrical energy."
F5 Chp 6,radio,KelantanYik2024_Q34,A,B,C,D,B,Kelantan YIK 2024/Picture34.png,"中文：若 M 也为锌，两电极相同，没有有效电势差，电流表指针不偏转。
English: If M is also zinc, both electrodes are identical and provide no effective potential difference, so the ammeter does not deflect."
F5 Chp 6,radio,SelangorSet12024_Q34,A,B,C,D,B,Selangor Set 1 2024/Picture34.png,"中文：固体溴化铅的离子固定不能导电；熔融时离子可移动，因此能导电，灯泡亮起。
English: Ions in solid lead(II) bromide are fixed and cannot conduct; molten ions move freely and conduct, lighting the bulb."
F5 Chp 6,radio,SelangorSet22024_Q34,A,B,C,D,B,Selangor Set 2 2024/Picture34.png,"中文：熔融氯化钠含可自由移动的离子而导电；固体中的离子固定，不能导电。
English: Molten sodium chloride has freely moving ions and conducts electricity; solid ions are fixed and cannot conduct."
F5 Chp 6,radio,Kelantan2024_Q35,A,B,C,D,B,Kelantan 2024/Picture35.png,"中文：镁较活泼，是负极并失电子溶解；铜为正极，铜离子得到电子沉积成铜。B 符合答案，D 的描述也正确，选项有重复合理性。
English: Magnesium is the more reactive negative electrode and dissolves; copper is positive and copper ions are deposited as copper. B matches the key, but D also states a correct observation."
F5 Chp 6,radio,KelantanYik2024_Q35,A,B,C,D,A,Kelantan YIK 2024/Picture35.png,"中文：镁位于碳之上，不能用碳还原其氧化物，按课程须电解熔融化合物提取。
English: Magnesium is above carbon in the reactivity series, so its molten compound is electrolysed rather than reduced with carbon."
F5 Chp 6,radio,NegeriSembilan2024_Q35,A,B,C,D,D,Negeri Sembilan 2024/Picture35.png,"中文：电镀在金属表面形成保护层，减少腐蚀；食品罐的保护镀层有助防锈，属于该应用。
English: Electroplating forms a protective metal layer against corrosion; protective coatings on food cans help prevent rusting."
F5 Chp 6,radio,Pahang2024_Q35,A,B,C,D,D,Pahang 2024/Picture35.png,"中文：氯化钠溶液含可自由移动的离子，所以能导电，是电解质。
English: Sodium chloride solution contains freely moving ions and conducts electricity, making it an electrolyte."
F5 Chp 6,radio,SelangorSet12024_Q35,A,B,C,D,D,Selangor Set 1 2024/Picture35.png,"中文：简单化学电池的负极金属失去电子，电子经外电路流向正极。
English: In a simple chemical cell, the negative metal electrode loses electrons, which flow through the external circuit to the positive terminal."
F5 Chp 6,radio,SelangorSet22024_Q35,A,B,C,D,A,Selangor Set 2 2024/Picture35.png,"中文：简单化学电池利用化学反应产生电流，把化学能转为电能。
English: A simple chemical cell produces current through chemical reactions, converting chemical energy to electrical energy."
F5 Chp 6,radio,Kedah2024_Q36,A,B,C,D,B,Kedah 2024/Picture36.png,"中文：氧气支持燃烧，使带火星的木条重新燃烧，是氧气的标准检验。
English: Oxygen supports combustion and relights a glowing splint, which is its standard gas test."
F5 Chp 6,radio,Melaka2024_Q36,A,B,C,D,D,Melaka 2024/Picture36.png,"中文：柠檬汁作电解质，锌和铜组成电池，把化学能转为电能来点亮 LED。
English: Lemon juice acts as the electrolyte in a zinc–copper cell, converting chemical energy into electrical energy for the LED."
F5 Chp 6,radio,NegeriSembilan2024_Q36,A,B,C,D,A,Negeri Sembilan 2024/Picture36.png,"中文：镁与铜在反应性序列相距较远，产生较大电势差，灯泡较亮。
English: Magnesium and copper are far apart in the reactivity series, producing a larger potential difference and a brighter bulb."
F5 Chp 6,radio,Pahang2024_Q36,A,B,C,D,C,Pahang 2024/Picture36.png,"中文：电压表用于测量两点之间的电位差，即电压。
English: A voltmeter measures the potential difference, or voltage, between two points."
F5 Chp 6,radio,Perak2024_Q36,A,B,C,D,C,Perak 2024/Picture36.png,"中文：电池中的化学反应把储存的化学能转变为电能。
English: Chemical reactions in a battery convert stored chemical energy into electrical energy."
F5 Chp 6,radio,Perak2024_Q37,A,B,C,D,D,Perak 2024/Picture37.png,"中文：D 中 R＝镁、S＝铁、T＝铜。镁比铁活泼，I 中铁为正极而增厚；II 中铁比铜活泼，失电子溶解而变薄。
English: In D, R is magnesium, S iron and T copper. Magnesium is more reactive than iron, so iron is positive and thickens in I; iron is more reactive than copper and dissolves, becoming thinner in II."
F5 Chp 6,radio,Smka2024_Q37,A,B,C,D,C,SMKA 2024/Picture37.png,"中文：镁比铜活泼，作负极，失去电子形成镁离子并溶入电解质，因此镁条变薄。
English: Magnesium is more reactive than copper and acts as the negative terminal, losing electrons to form magnesium ions and dissolving in the electrolyte."
F5 Chp 7,radio,PenangSet12024_Q35,A,B,C,D,A,Penang Set 1 2024/Picture35.png,"中文：A 位于 2F；物体放在凸透镜的 2F 时，像在另一侧 2F，倒立、实像且与物体同大。
English: A is at 2F; an object at 2F forms a real, inverted image of equal size at 2F on the other side."
F5 Chp 7,radio,PenangSet22024_Q35,A,B,C,D,D,Penang Set 2 2024/Picture35.png,"中文：物体在焦点与透镜之间，折射光线的反向延长线相交，形成正立、放大的虚像。
English: With the object between the focal point and lens, backward extensions of refracted rays meet to form an upright, magnified virtual image."
F5 Chp 7,radio,Kelantan2024_Q36,A,B,C,D,A,Kelantan 2024/Picture36.png,"中文：物体放在 2F 时，凸透镜在另一侧 2F 形成倒立、实像且与物体同大。
English: An object at 2F forms a real, inverted image of equal size at 2F on the other side of a convex lens."
F5 Chp 7,radio,KelantanYik2024_Q36,A,B,C,D,D,Kelantan YIK 2024/Picture36.png,"中文：凹透镜对实物始终形成正立、缩小的虚像，物体移远也仍是虚像和缩小像。
English: A concave lens forms an upright, diminished virtual image of a real object, including when the object moves farther away."
F5 Chp 7,radio,PenangSet12024_Q36,A,B,C,D,A,Penang Set 1 2024/Picture36.png,"中文：图中的 fo、fe 箭头表示物镜到第一像及第一像到目镜的距离。物镜形成放大实像，像距大于 2×40＝80 mm；第一像在目镜焦距 10 mm 内，所以 90 mm、6 mm 符合 A。
English: The arrows fo and fe mark the objective-to-first-image and first-image-to-eyepiece distances. The objective image distance exceeds 2 × 40 = 80 mm, while the first image is within the eyepiece's 10 mm focal length, matching A: 90 mm and 6 mm."
F5 Chp 7,radio,PenangSet22024_Q36,A,B,C,D,D,Penang Set 2 2024/Picture36.png,"中文：显微镜和望远镜的物镜都形成倒立的第一实像，这是两者的共同特点。
English: The objective lenses of both a microscope and telescope form an inverted first real image, their shared characteristic."
F5 Chp 7,radio,SelangorSet12024_Q36,A,B,C,D,B,Selangor Set 1 2024/Picture36.png,"中文：图中透镜中央较薄、边缘较厚，是凹透镜。
English: The lens is thinner at the centre and thicker at its edges, identifying a concave lens."
F5 Chp 7,radio,SelangorSet22024_Q36,A,B,C,D,A,Selangor Set 2 2024/Picture36.png,"中文：图中透镜中央较厚、边缘较薄，是凸透镜。
English: The lens is thicker at the centre and thinner at the edges, identifying a convex lens."
F5 Chp 7,radio,Kedah2024_Q37,A,B,C,D,C,Kedah 2024/Picture37.png,"中文：X 从物体量至凸透镜，称为物距；镜到屏幕才是像距。
English: X measures from the object to the convex lens, so it is the object distance; lens to screen is the image distance."
F5 Chp 7,radio,Kelantan2024_Q37,A,B,C,D,B,Kelantan 2024/Picture37.png,"中文：先把镜片朝向远物，再调屏直到像清晰，最后量镜片中心至屏幕距离，近似焦距。
English: Aim the lens at a distant object, adjust the screen until the image is sharp, then measure lens-to-screen distance as the approximate focal length."
F5 Chp 7,radio,KelantanYik2024_Q37,A,B,C,D,D,Kelantan YIK 2024/Picture37.png,"中文：放大镜将物体放在凸透镜焦距内，形成正立、放大的虚像。
English: A magnifying glass places the object inside the focal length of a convex lens to form an upright, enlarged virtual image."
F5 Chp 7,radio,Melaka2024_Q37,A,B,C,D,B,Melaka 2024/Picture37.png,"中文：物距小于焦距时，凸透镜形成正立、放大的虚像，适合检查手表细小零件。
English: With the object inside the focal length, a convex lens forms an upright enlarged virtual image suitable for inspecting small watch parts."
F5 Chp 7,radio,NegeriSembilan2024_Q37,A,B,C,D,B,Negeri Sembilan 2024/Picture37.png,"中文：B 是从物体到透镜中心的距离，属于物距；A 是焦距，C 是像距。
English: B measures object to lens centre and is the object distance; A is focal length and C is image distance."
F5 Chp 7,radio,Pahang2024_Q37,A,B,C,D,D,Pahang 2024/Picture37.png,"中文：图中实像倒立且放大，凸透镜要形成这种像，物体须放在 F 与 2F 之间。
English: The image is real, inverted and magnified; a convex lens forms this image when the object is between F and 2F."
F5 Chp 7,radio,SelangorSet12024_Q37,A,B,C,D,A,Selangor Set 1 2024/Picture37.png,"中文：总放大倍数＝物镜×目镜；目镜倍数＝200÷40＝5 倍。
English: Total magnification = objective × eyepiece; eyepiece magnification = 200 ÷ 40 = 5 times."
F5 Chp 7,radio,SelangorSet22024_Q37,A,B,C,D,B,Selangor Set 2 2024/Picture37.png,"中文：总倍数＝物镜×目镜；目镜为 10 倍，所以物镜＝200÷10＝20 倍。
English: Total magnification = objective × eyepiece; with a 10-times eyepiece, objective magnification = 200 ÷ 10 = 20 times."
F5 Chp 7,radio,Melaka2024_Q38,A,B,C,D,D,Melaka 2024/Picture38.png,"中文：凹透镜对实物形成正立、缩小的虚像，因此本题选 maya。
English: A concave lens forms an upright diminished virtual image of a real object, so the answer is virtual."
F5 Chp 7,radio,Pahang2024_Q38,A,B,C,D,D,Pahang 2024/Picture38.png,"中文：D 是望远镜，用来观察很远的物体。
English: D is a telescope, used to observe distant objects."
F5 Chp 7,radio,Perak2024_Q38,A,B,C,D,C,Perak 2024/Picture38.png,"中文：凹透镜形成正立、缩小的虚像，所以正确特点是缩小。
English: A concave lens forms an upright, diminished virtual image, so the correct characteristic is diminished."
F5 Chp 7,radio,Smka2024_Q38,A,B,C,D,A,SMKA 2024/Picture38.png,"中文：X 是凸透镜，能使平行光线会聚；Y 是凹透镜，使光线发散。
English: X is a convex lens that converges parallel rays; Y is a concave lens that diverges them."
F5 Chp 8,radio,PenangSet12024_Q37,A,B,C,D,B,Penang Set 1 2024/Picture37.png,"中文：伯努利原理说明流体流速增大时压力降低，课本用它解释直升机、无人机和本生灯的相关作用。
English: Bernoulli's principle states that faster fluid flow has lower pressure; the textbook applies it to helicopters, drones and Bunsen burners."
F5 Chp 8,radio,PenangSet22024_Q37,A,B,C,D,D,Penang Set 2 2024/Picture37.png,"中文：按题目预期的伯努利比较，D 的液柱最低、压力最低，因而选作流速最高处。不过管被称为“均匀管”，严格稳态流量下各截面平均流速应相同。
English: Using the question's intended Bernoulli comparison, D has the lowest water column and pressure and is selected as fastest. However, in a genuinely uniform tube under steady flow, mean velocity should be equal at each cross-section."
F5 Chp 8,radio,Kedah2024_Q38,A,B,C,D,D,Kedah 2024/Picture38.png,"中文：液压系统压强相同：F/4 = 500/100，所以输入力 F = 20 N。
English: Equal hydraulic pressure gives F/4 = 500/100, so the input force is 20 N."
F5 Chp 8,radio,Kelantan2024_Q38,A,B,C,D,D,Kelantan 2024/Picture38.png,"中文：相同压强：20/2 = F/10，所以可举起 100 N 的负载。
English: Equal pressure gives 20/2 = F/10, so the output load is 100 N."
F5 Chp 8,radio,KelantanYik2024_Q38,A,B,C,D,D,Kelantan YIK 2024/Picture38.png,"中文：Bunsen 灯应用伯努利原理；液压千斤顶、液压刹车及牙科椅才利用帕斯卡原理。
English: A Bunsen burner applies Bernoulli's principle; hydraulic jacks, brakes and dental chairs use Pascal's principle."
F5 Chp 8,radio,NegeriSembilan2024_Q38,A,B,C,D,D,Negeri Sembilan 2024/Picture38.png,"中文：水或油近乎不可压缩，可有效传递压强，符合液压系统所需性质。
English: Water and oil are nearly incompressible, allowing pressure to be transmitted effectively in a hydraulic system."
F5 Chp 8,radio,PenangSet12024_Q38,A,B,C,D,D,Penang Set 1 2024/Picture38.png,"中文：液压系统压强相同：500÷5＝F÷50，所以 F＝5000 N。
English: Pressure is equal in the hydraulic system: 500 ÷ 5 = F ÷ 50, so F = 5000 N."
F5 Chp 8,radio,PenangSet22024_Q38,A,B,C,D,B,Penang Set 2 2024/Picture38.png,"中文：压强相同：F÷0.01＝10000÷2，所以 F＝50 N。
English: Equal pressure gives F ÷ 0.01 = 10000 ÷ 2, so F = 50 N."
F5 Chp 8,radio,SelangorSet12024_Q38,A,B,C,D,C,Selangor Set 1 2024/Picture38.png,"中文：压强相等：F÷10＝3500÷350，所以 F＝100 N。
English: Equal pressure gives F ÷ 10 = 3500 ÷ 350, so F = 100 N."
F5 Chp 8,radio,SelangorSet22024_Q38,A,B,C,D,C,Selangor Set 2 2024/Picture38.png,"中文：压强相同：F÷20＝7000÷700，所以输入力 F＝200 N。
English: Equal pressure gives F ÷ 20 = 7000 ÷ 700, so input force F = 200 N."
F5 Chp 8,radio,Kedah2024_Q39,A,B,C,D,A,Kedah 2024/Picture39.png,"中文：Bunsen 灯喷口气流快、压强低，吸入外界空气，应用伯努利原理。
English: Fast gas flow at a Bunsen burner jet lowers pressure and draws in air, applying Bernoulli's principle."
F5 Chp 8,radio,Kelantan2024_Q39,A,B,C,D,C,Kelantan 2024/Picture39.png,"中文：C 位于机翼下方，气流较慢、压强较高；上方较快气流形成较低压强。
English: C is below the wing, where slower airflow gives higher pressure than the faster airflow above."
F5 Chp 8,radio,KelantanYik2024_Q39,A,B,C,D,B,Kelantan YIK 2024/Picture39.png,"中文：按答案，X 水位 K 高于 Z 的 L，表示流体经过管道后压强较低；中间狭窄处流速最快、压强最低。
English: According to the key, X reaches K and Z reaches L, indicating lower downstream pressure; the narrow middle section has the fastest flow and lowest pressure."
F5 Chp 8,radio,Melaka2024_Q39,A,B,C,D,A,Melaka 2024/Picture39.png,"中文：伯努利原理：流体流速越快，压强越低；狭窄处水流快、测压水柱较低。
English: Bernoulli's principle states that faster fluid flow has lower pressure; the narrow section has faster flow and a lower pressure column."
F5 Chp 8,radio,Pahang2024_Q39,A,B,C,D,A,Pahang 2024/Picture39.png,"中文：屋顶上方空气流速较快、压力较低，下方较高的气压把屋顶向上推，符合伯努利原理。
English: Faster airflow above the roof produces lower pressure; higher pressure below pushes it upward, illustrating Bernoulli's principle."
F5 Chp 8,radio,Perak2024_Q39,A,B,C,D,D,Perak 2024/Picture39.png,"中文：两活塞压强相同：20÷5＝F÷50，所以输出力 F＝200 N。
English: The pistons have equal pressure: 20 ÷ 5 = F ÷ 50, giving output force F = 200 N."
F5 Chp 8,radio,Smka2024_Q39,A,B,C,D,C,SMKA 2024/Picture39.png,"中文：帕斯卡原理指出，密闭液体受到的压力会等量传向各方向，液压系统据此放大力。
English: Pascal's principle states that pressure applied to an enclosed liquid is transmitted equally in all directions, enabling hydraulic force multiplication."
F5 Chp 9,radio,NegeriSembilan2024_Q39,A,B,C,D,B,Negeri Sembilan 2024/Picture39.png,"中文：滥用卫星进行未经许可的侦察，可能侵犯他国利益并引起国际冲突。
English: Misusing satellites for unauthorised spying can violate another country's interests and cause international conflict."
F5 Chp 9,radio,PenangSet12024_Q39,A,B,C,D,D,Penang Set 1 2024/Picture39.png,"中文：国际空间站提供微重力环境，让科学家进行地面难以完成的科学实验。
English: The International Space Station provides a microgravity environment for scientific experiments difficult to perform on Earth."
F5 Chp 9,radio,PenangSet22024_Q39,A,B,C,D,D,Penang Set 2 2024/Picture39.png,"中文：国际空间站是研究人体健康及生物在微重力环境中生长的实验中心。
English: The ISS is a research centre for studying human health and organism growth in microgravity."
F5 Chp 9,radio,SelangorSet12024_Q39,A,B,C,D,B,Selangor Set 1 2024/Picture39.png,"中文：按本题课本的高度分类，约 35780 km、11100 km/h 属高地球轨道 HEO；地球同步或静止还涉及轨道周期及方向条件。
English: Under the question's textbook altitude classification, about 35780 km and 11100 km/h correspond to HEO; geosynchronous or geostationary status additionally depends on period and orbital orientation."
F5 Chp 9,radio,SelangorSet22024_Q39,A,B,C,D,D,Selangor Set 2 2024/Picture39.png,"中文：约 20200 km 高度及 13900 km/h 速度是课本中地球轨道 MEO 的资料，GPS 卫星常使用这种轨道。
English: An altitude around 20200 km and speed of 13900 km/h match the textbook's medium Earth orbit, commonly used by GPS satellites."
F5 Chp 9,radio,Kedah2024_Q40,A,B,C,D,D,Kedah 2024/Picture40.png,"中文：国际空间站设有轨道实验设施，宇航员可在那里进行科学研究。
English: The International Space Station provides orbital facilities where astronauts carry out scientific research."
F5 Chp 9,radio,Kelantan2024_Q40,A,B,C,D,C,Kelantan 2024/Picture40.png,"中文：GPS 第二个数 −43.182367 是经度，负号表示格林尼治线以西；第一个负纬度表示南半球。
English: The second coordinate, −43.182367, is longitude; its negative sign indicates west of Greenwich, while the first negative latitude indicates the southern hemisphere."
F5 Chp 9,radio,KelantanYik2024_Q40,A,B,C,D,C,Kelantan YIK 2024/Picture40.png,"中文：P 是椭圆轨道上最接近地球的位置，称为近地点 perigee；最远的 Q 是远地点。
English: P is the closest point to Earth in the elliptical orbit, called perigee; the farthest point Q is apogee."
F5 Chp 9,radio,Melaka2024_Q40,A,B,C,D,D,Melaka 2024/Picture40.png,"中文：纬度 +3.139456 表示北半球；经度 −101.689593 表示格林尼治以西，故北、西。
English: Latitude +3.139456 indicates north, while longitude −101.689593 indicates west of Greenwich, giving north and west."
F5 Chp 9,radio,NegeriSembilan2024_Q40,A,B,C,D,C,Negeri Sembilan 2024/Picture40.png,"中文：最快路线综合交通情况选择较少拥堵的道路；最短距离不一定最快，也不保证最省油。
English: The fastest route considers traffic and avoids congestion; the shortest distance is not necessarily the quickest or most fuel efficient."
F5 Chp 9,radio,Pahang2024_Q40,A,B,C,D,D,Pahang 2024/Picture40.png,"中文：D 是使用者的 GPS 接收器，接收卫星信号并计算位置，因此属于用户部分。
English: D is the user's GPS receiver, which receives satellite signals and calculates position, so it belongs to the user segment."
F5 Chp 9,radio,PenangSet12024_Q40,A,B,C,D,B,Penang Set 1 2024/Picture40.png,"中文：X 是椭圆轨道中离地球最近的位置，称为近地点；最远处才是远地点。
English: X is the point in the elliptical orbit nearest Earth, called perigee; the farthest point is apogee."
F5 Chp 9,radio,PenangSet22024_Q40,A,B,C,D,A,Penang Set 2 2024/Picture40.png,"中文：Y 是椭圆轨道上离地球最远的位置，称为远地点。
English: Y is the point farthest from Earth in the elliptical orbit, called apogee."
F5 Chp 9,radio,Perak2024_Q40,A,B,C,D,B,Perak 2024/Picture40.png,"中文：十进制度数＝度＋分÷60＋秒÷3600。纬度＝6＋17÷60＋28.81÷3600＝6.291336；经度＝99＋43÷60＋44.18÷3600＝99.728939≈99.728940。
English: Decimal degrees = degrees + minutes ÷ 60 + seconds ÷ 3600. Latitude = 6 + 17 ÷ 60 + 28.81 ÷ 3600 = 6.291336; longitude = 99 + 43 ÷ 60 + 44.18 ÷ 3600 = 99.728939 ≈ 99.728940."
F5 Chp 9,radio,SelangorSet12024_Q40,A,B,C,D,C,Selangor Set 1 2024/Picture40.png,"中文：GPS 地点可用十进制度数（DD）表示经度和纬度，例如 3.123456°，不是摄氏度。
English: GPS locations can use decimal degrees (DD) to express latitude and longitude, such as 3.123456°, rather than degrees Celsius."
F5 Chp 9,radio,SelangorSet22024_Q40,A,B,C,D,C,Selangor Set 2 2024/Picture40.png,"中文：GPS 接收卫星信号来计算经纬度等位置资料，因此提供的是地点位置。
English: GPS receives satellite signals to calculate position information such as latitude and longitude, identifying location."
F5 Chp 9,radio,Smka2024_Q40,A,B,C,D,B,SMKA 2024/Picture40.png,"中文：地球静止轨道是圆形，所以答案纸选 B；但只有圆形图不足以确认静止轨道，还需要赤道面及一日周期等条件，D 也直接描述图形。
English: A geostationary orbit is circular, explaining keyed B. However, a circle alone cannot establish geostationary status without equatorial orientation and a one-day period; D also directly describes the shape."
