title,type,question,A,B,C,D,answer,image,explanation
F4 Chp 1,radio,Johor2025_Q01,A,B,C,D,C,Johor 2025/Picture1.png,"中文：少量、稀且不危险的水溶液如小苏打溶液可按实验室规定排入水槽；油、浓酸及固体不可。
English: A small amount of dilute, non-hazardous baking soda solution can be disposed of according to laboratory rules; oil, concentrated acid and solids cannot."
F4 Chp 1,radio,Kedah2025_Q01,A,B,C,D,A,Kedah 2025/Picture1.png,"中文：发现浓酸溢出应先通知老师，让老师按实验室安全程序处理。
English: The first step is to inform the teacher so the spill can be handled under laboratory safety procedures."
F4 Chp 1,radio,Kelantan2025_Q01,A,B,C,D,A,Kelantan 2025/Picture1.png,"中文：水银溢出会产生有毒蒸气，按课本应通知老师并寻求消防与救援部门协助。
English: Spilled mercury can release toxic vapour; the textbook procedure is to notify the teacher and obtain Fire and Rescue assistance."
F4 Chp 1,radio,KualaLumpur2025_Q01,A,B,C,D,A,Kuala Lumpur 2025/Picture1.png,"中文：挥发性化学品在通风橱内操作，排走有害蒸气，减少吸入。
English: Volatile chemicals are handled in a fume cupboard, which removes harmful vapours and reduces inhalation."
F4 Chp 1,radio,Melaka2025_Q01,A,B,C,D,B,Melaka 2025/Picture1.png,"中文：pH6在课本允许的pH5至9范围内；仍需是少量、非危险水溶液并遵守实验室规定。
English: pH6 lies within the textbook pH5–9 range; disposal still requires a small amount of non-hazardous aqueous solution under laboratory rules."
F4 Chp 1,radio,Muar2025_Q01,A,B,C,D,B,Muar 2025/Picture1.png,"中文：弱酸若稀释且无危险成分，可按实验室规定排入水槽；浓酸、油漆溶剂和强碱不可随意倒入。一般可排放溶液的pH约为5至9。
English: A dilute, non-hazardous weak acid may be disposed of in a sink under laboratory rules. Concentrated acids, paint solvents and strong alkalis must not be poured away indiscriminately; permitted solutions generally have a pH of about 5–9."
F4 Chp 1,radio,NegeriSembilan2025_Q01,A,B,C,D,A,Negeri Sembilan 2025/Picture1.png,"中文：护目镜保护眼睛，防止化学品溅入。口罩、实验衣和手套主要保护其他身体部位。
English: Goggles protect the eyes against chemical splashes. A face mask, lab coat and gloves primarily protect other parts of the body."
F4 Chp 1,radio,Pahang2025_Q01,A,B,C,D,B,Pahang 2025/Picture1.png,"中文：题目给出的硝酸pH为6，属于实验室可按规定排放的pH约5至9范围。油漆和pH为1或12的强酸碱不可随意倒入水槽。
English: The stated nitric acid has pH 6, within the approximate pH 5–9 range permitted for disposal under laboratory rules. Paint and strongly acidic or alkaline solutions at pH 1 or 12 must not be poured into a sink indiscriminately."
F4 Chp 1,radio,PasirGudang2025_Q01,A,B,C,D,B,Pasir Gudang 2025/Picture1.png,"中文：油漆含不适合排入水槽的成分，会污染水源，必须按化学废物方法处理。
English: Oil paint contains substances unsuitable for sink disposal and can pollute water. It must be handled as chemical waste."
F4 Chp 1,radio,Penang2025_Q01,A,B,C,D,D,Penang 2025/Picture1.png,"中文：动物尸体属于生物危害废物。依实验室处理程序，用吸水纸包裹，放入生物危害袋并冷冻保存，等待专门处理。
English: An animal carcass is biological hazardous waste. Under laboratory procedures, wrap it in absorbent tissue, place it in a biohazard bag and keep it frozen until specialised disposal."
F4 Chp 1,radio,Perak2025_Q01,A,B,C,D,A,Perak 2025/Picture1.png,"中文：依实验室规定，稀释且无危险成分的弱酸可在适当pH范围内排入水槽。重金属、反应性物质和有机溶剂须特别处理。
English: Under laboratory rules, a dilute, non-hazardous weak acid may be disposed of in a sink within the permitted pH range. Heavy metals, reactive substances and organic solvents require special disposal."
F4 Chp 1,radio,Perlis2025_Q01,A,B,C,D,A,Perlis 2025/Picture1.png,"中文：依题目实验室分类，蒸馏水和适当浓度的亚甲蓝溶液可按规定排入水槽。细菌培养液是生物危害废物，氯仿则是有机溶剂。
English: Under the question's laboratory classification, distilled water and suitably dilute methylene-blue solution may be disposed of according to sink rules. Bacterial culture is biohazardous waste, while chloroform is an organic solvent."
F4 Chp 1,radio,Putrajaya2025_Q01,A,B,C,D,A,Putrajaya 2025/Picture1.png,"中文：口罩是选项中用于保护脸部口鼻位置的个人防护用品；实验衣、手套和包鞋保护其他部位。
English: A face mask is the listed protective item worn over the mouth and nose. Lab coats, gloves and closed shoes protect other body parts."
F4 Chp 1,radio,Selangor2025_Q01,A,B,C,D,B,Selangor 2025/Picture1.png,"中文：依题目，口罩用于减少吸入有害物质，因此选B。不过易挥发化学品可能产生蒸气，普通口罩不能保证防护所有化学蒸气，应使用适当防护及通风设备。
English: The question selects a face mask to reduce inhalation of harmful substances, giving B. However, volatile chemicals may produce vapours; an ordinary mask does not guarantee protection against all chemical vapours, so suitable protection and ventilation are needed."
F4 Chp 1,radio,Johor2025_Q02,A,B,C,D,C,Johor 2025/Picture2.png,"中文：针头及注射器属于A类尖锐生物废物，须放入专用锐器容器。
English: Needles and syringes are Category A sharp biological waste and belong in a sharps container."
F4 Chp 1,radio,Kelantan2025_Q02,A,B,C,D,C,Kelantan 2025/Picture2.png,"中文：按课本面罩保护口鼻，减少吸入有害物质；普通口罩并不能过滤所有化学气体。
English: A suitable face mask protects the nose and mouth in the textbook description; an ordinary mask does not filter every chemical gas."
F4 Chp 1,radio,KualaLumpur2025_Q02,A,B,C,D,D,Kuala Lumpur 2025/Picture2.png,"中文：按课本pH 5至9范围内、少量且不危险的溶液可依规定排放；pH6符合条件。
English: A small amount of non-hazardous solution within the textbook pH range of 5–9 may be disposed of under laboratory rules; pH6 fits."
F4 Chp 1,radio,Pahang2025_Q02,A,B,C,D,D,Pahang 2025/Picture2.png,"中文：干粉灭火器适用于多种火灾，包括固体、可燃液体及电器火灾，所以较适合学校不同场所的需要。
English: A dry-powder extinguisher can handle various fires, including solid materials, flammable liquids and electrical equipment, making it suitable for different school settings."
F4 Chp 1,radio,Penang2025_Q02,A,B,C,D,A,Penang 2025/Picture2.png,"中文：依此题课程答案，二氧化碳灭火器适用于电器及油类火灾，因此选A。二氧化碳隔绝氧气，而且不导电。
English: Under this question's course classification, a carbon-dioxide extinguisher is used for electrical and oil fires, giving A. Carbon dioxide excludes oxygen and does not conduct electricity."
F4 Chp 1,radio,Perak2025_Q02,A,B,C,D,B,Perak 2025/Picture2.png,"中文：泡沫灭火器的标签是米黄色，所以B配对正确。水为红色、干粉为蓝色，二氧化碳为黑色。
English: A foam extinguisher has a cream label, making B correct. Water is red, dry powder blue and carbon dioxide black."
F4 Chp 1,radio,Perlis2025_Q02,A,B,C,D,D,Perlis 2025/Picture2.png,"中文：灭火毯覆盖着火衣物，隔绝氧气，帮助熄灭人体衣物上的小火，因此选D。
English: A fire blanket covers burning clothing and cuts off oxygen, helping extinguish a small clothing fire, so D is correct."
F4 Chp 1,radio,Putrajaya2025_Q02,A,B,C,D,A,Putrajaya 2025/Picture2.png,"中文：磷酸盐肥料进入水源会增加营养盐，可导致富营养化，所以不可随意倒入水槽。
English: Phosphate fertiliser adds nutrients to water and can cause eutrophication, so it must not be poured into a sink indiscriminately."
F4 Chp 1,radio,Selangor2025_Q02,A,B,C,D,A,Selangor 2025/Picture2.png,"中文：血液属于液态生物危害废物。依课本程序，必须先经高压灭菌处理，之后才按实验室规定处理；针头不可倒入水槽。
English: Blood is liquid biological hazardous waste. Under the textbook procedure, it must first be autoclaved and then disposed of according to laboratory rules. Needles must never be put in a sink."
F4 Chp 1,radio,Putrajaya2025_Q03,A,B,C,D,A,Putrajaya 2025/Picture3.png,"中文：先拔安全销II，再把喷嘴对准火源底部IV，按压手柄I，最后左右扫射III。正确顺序为II、IV、I、III。
English: Remove the safety pin, II; aim at the base of the fire, IV; squeeze the handle, I; then sweep from side to side, III. The sequence is II, IV, I, III."
F4 Chp 10,radio,Muar2025_Q15,A,B,C,D,B,Muar 2025/Picture15.png,"中文：辅助医疗包括使用天然产品及进行身心活动，例如草药、瑜伽和冥想。II和III符合这些特点，因此选B。
English: Complementary medicine includes natural products and mind–body activities, such as herbal products, yoga and meditation. Statements II and III fit these features, so B is correct."
F4 Chp 10,radio,PasirGudang2025_Q15,A,B,C,D,A,Pasir Gudang 2025/Picture15.png,"中文：临床验证、治疗通常较快及可能较高的治疗费用，符合题目对现代医疗的描述，因此选A。
English: Clinical testing, generally faster treatment and potentially higher costs match the question's description of modern medicine, so A is correct."
F4 Chp 10,radio,Muar2025_Q16,A,B,C,D,A,Muar 2025/Picture16.png,"中文：抗生素用于杀死细菌或抑制细菌生长，不适用于治疗病毒感染。阿司匹林主要用于减轻疼痛。
English: Antibiotics kill bacteria or inhibit their growth; they do not treat viral infections. Aspirin is mainly used to relieve pain."
F4 Chp 10,radio,PasirGudang2025_Q16,A,B,C,D,C,Pasir Gudang 2025/Picture16.png,"中文：柠檬汁含维生素C等抗氧化成分，可减慢苹果和香蕉的氧化褐变。
English: Lemon juice contains antioxidants such as vitamin C that slow oxidative browning in apples and bananas."
F4 Chp 10,radio,Kelantan2025_Q17,A,B,C,D,B,Kelantan 2025/Picture17.png,"中文：扑热息痛是止痛药，也有退热作用，可缓解头痛及降低发热体温。
English: Paracetamol is an analgesic with antipyretic action, relieving pain and reducing fever."
F4 Chp 10,radio,KualaLumpur2025_Q17,A,B,C,D,A,Kuala Lumpur 2025/Picture17.png,"中文：现代医学柱最高，表示使用人数最多，因此是主要选择。
English: The modern-medicine bar is the tallest, showing it is the most commonly chosen treatment."
F4 Chp 10,radio,Melaka2025_Q17,A,B,C,D,A,Melaka 2025/Picture17.png,"中文：针灸将无菌细针插入指定穴位，属于补充医学方法。
English: Acupuncture inserts sterile fine needles into specific points and is a complementary-medicine method."
F4 Chp 10,radio,Muar2025_Q17,A,B,C,D,D,Muar 2025/Picture17.png,"中文：扑热息痛是止痛药，可减轻伤口造成的疼痛，因此依答案选D。它不会像抗生素一样杀死细菌。
English: Paracetamol is an analgesic that relieves pain caused by a wound, so D is the keyed answer. It does not kill bacteria as antibiotics do."
F4 Chp 10,radio,NegeriSembilan2025_Q17,A,B,C,D,A,Negeri Sembilan 2025/Picture17.png,"中文：现代药物的疗效和安全性须通过科学研究及临床试验验证，不能只依靠个人经验。
English: The effectiveness and safety of modern medicines are established through scientific research and clinical trials, rather than personal experience alone."
F4 Chp 10,radio,Pahang2025_Q17,A,B,C,D,D,Pahang 2025/Picture17.png,"中文：图中是胡萝卜，含β-胡萝卜素。它是课本中的抗氧化物例子，也可在体内转变为维生素A。
English: The vegetable is a carrot, which contains beta-carotene. It is a textbook example of an antioxidant and can also be converted into vitamin A in the body."
F4 Chp 10,radio,PasirGudang2025_Q17,A,B,C,D,A,Pasir Gudang 2025/Picture17.png,"中文：炎症是体内产生自由基的因素，与新陈代谢同属内部因素。烟雾、毒性废物和紫外线是外部因素。
English: Inflammation is an internal source of free radicals, alongside metabolism. Cigarette smoke, toxic waste and ultraviolet radiation are external factors."
F4 Chp 10,radio,Penang2025_Q17,A,B,C,D,D,Penang 2025/Picture17.png,"中文：自由基可损伤DNA，导致突变并增加不正常细胞分裂的风险。题目中的致癌作用对应癌症。
English: Free radicals can damage DNA, causing mutations and increasing the risk of abnormal cell division. The carcinogenic effect described corresponds to cancer."
F4 Chp 10,radio,Selangor2025_Q17,A,B,C,D,A,Selangor 2025/Picture17.png,"中文：现代医疗的柱最高，表示采用现代医疗的居民人数最多，因此它是主要选择。
English: Modern medicine has the tallest bar, indicating the largest number of residents using it, so it is the main choice."
F4 Chp 10,radio,Kelantan2025_Q18,A,B,C,D,D,Kelantan 2025/Picture18.png,"中文：按课本，自由基可在氧化反应中产生，具有高反应性。
English: In the textbook explanation, free radicals are produced during oxidation reactions and are highly reactive."
F4 Chp 10,radio,KualaLumpur2025_Q18,A,B,C,D,C,Kuala Lumpur 2025/Picture18.png,"中文：这些食物中的抗氧化剂抵抗自由基，减少细胞氧化损伤。
English: Antioxidants in these foods counter free radicals and reduce oxidative cell damage."
F4 Chp 10,radio,Melaka2025_Q18,A,B,C,D,C,Melaka 2025/Picture18.png,"中文：盐水处理减慢切水果的氧化褐变，使外观看起来更新鲜。
English: Salt-water treatment slows oxidative browning of cut fruit, keeping it looking fresh."
F4 Chp 10,radio,NegeriSembilan2025_Q18,A,B,C,D,C,Negeri Sembilan 2025/Picture18.png,"中文：酸柑汁含抗氧化成分，可减慢切开苹果的氧化和褐变，因此选C。
English: Lime juice contains antioxidant substances that slow oxidation and browning in the cut apple, so C is correct."
F4 Chp 10,radio,Penang2025_Q18,A,B,C,D,C,Penang 2025/Picture18.png,"中文：右上方的西兰花富含叶黄素，是答案C所指的食物。图片把该选项误印为D；下方花生才是原本的D。
English: The broccoli at the upper right is rich in lutein and is the food intended by answer C. Its label is misprinted as D; the peanuts below are the actual D option."
F4 Chp 10,radio,Perak2025_Q18,A,B,C,D,D,Perak 2025/Picture18.png,"中文：杏仁含维生素E等抗氧化成分，能帮助中和自由基，因此是这组选项中较适合的抗氧化食物。
English: Almonds contain antioxidants such as vitamin E that help neutralise free radicals, making them the suitable antioxidant-rich food among these options."
F4 Chp 10,radio,Selangor2025_Q18,A,B,C,D,C,Selangor 2025/Picture18.png,"中文：这些食物含抗氧化物，能帮助中和自由基，减少自由基对细胞的损伤，因此选C。
English: These foods contain antioxidants that help neutralise free radicals and reduce damage to cells, so C is correct."
F4 Chp 10,radio,Kedah2025_Q19,A,B,C,D,C,Kedah 2025/Picture19.png,"中文：自由基可攻击细胞成分并损伤DNA，引起结构变化。
English: Free radicals can attack cellular components and damage DNA, changing its structure."
F4 Chp 10,radio,Johor2025_Q20,A,B,C,D,D,Johor 2025/Picture20.png,"中文：按答案D，自由基引起氧化损伤，可损害肾脏细胞；其损害并不限于单一器官。
English: Following answer D, free radicals can damage kidney cells through oxidation; their effects are not restricted to one organ."
F4 Chp 10,radio,Kedah2025_Q20,A,B,C,D,C,Kedah 2025/Picture20.png,"中文：C的西兰花含叶黄素，是课本所列抗氧化营养素来源之一。
English: Broccoli in C contains lutein, an antioxidant nutrient listed in the textbook."
F4 Chp 10,radio,Putrajaya2025_Q20,A,B,C,D,D,Putrajaya 2025/Picture20.png,"中文：活性成分是产品中产生治疗或预防作用的成分，不一定是含量最多的成分，因此D符合定义。
English: An active ingredient is the component responsible for a product's therapeutic or preventive effect. It is not necessarily the most abundant ingredient, so D matches the definition."
F4 Chp 10,radio,Johor2025_Q21,A,B,C,D,C,Johor 2025/Picture21.png,"中文：自由基损伤细胞成分，加快老化；抗氧化剂可帮助抵抗这种氧化作用。
English: Free radicals damage cellular components and contribute to premature ageing; antioxidants counter oxidation."
F4 Chp 10,radio,Putrajaya2025_Q21,A,B,C,D,A,Putrajaya 2025/Picture21.png,"中文：扑热息痛是止痛药，可减轻题目中的疼痛。青霉素是抗生素，胰岛素用于调节血糖。
English: Paracetamol is an analgesic that relieves the pain described. Penicillin is an antibiotic, while insulin regulates blood glucose."
F4 Chp 10,radio,Perlis2025_Q22,A,B,C,D,B,Perlis 2025/Picture22.png,"中文：空气污染中的有害物质可促使体内产生自由基，增加氧化损伤，因此B是这组选项的答案。
English: Harmful substances in polluted air can promote free-radical formation and oxidative damage in the body, making B the answer among these options."
F4 Chp 11,radio,Muar2025_Q18,A,B,C,D,D,Muar 2025/Picture18.png,"中文：20 cm的纸带包含5个时间间隔，每个0.02 s。总时间=5×0.02=0.10 s；平均速度=20÷0.10=200 cm s⁻¹，选D。
English: The 20 cm section contains five time intervals of 0.02 s each. Total time = 5 × 0.02 = 0.10 s; average speed = 20 ÷ 0.10 = 200 cm s⁻¹, giving D."
F4 Chp 11,radio,Pahang2025_Q18,A,B,C,D,B,Pahang 2025/Picture18.png,"中文：平均速度=总距离÷时间=200÷25=8.00 m s⁻¹，因此选B。
English: Average speed = total distance ÷ time = 200 ÷ 25 = 8.00 m s⁻¹, so B is correct."
F4 Chp 11,radio,PasirGudang2025_Q18,A,B,C,D,C,Pasir Gudang 2025/Picture18.png,"中文：自由落体是物体只受重力作用的下落。真空中没有空气阻力，因此羽毛和硬币可同时落地。
English: Free fall is motion under gravity alone. With no air resistance in a vacuum, the feather and coin can reach the ground together."
F4 Chp 11,radio,Kelantan2025_Q19,A,B,C,D,D,Kelantan 2025/Picture19.png,"中文：加速度 =(15−5)÷2 =5 m s⁻²。
English: Acceleration =(15−5)÷2 =5 m s⁻²."
F4 Chp 11,radio,KualaLumpur2025_Q19,A,B,C,D,D,Kuala Lumpur 2025/Picture19.png,"中文：地表重力加速度约9.8 m s⁻²，SPM计算常取10 m s⁻²。
English: Gravitational acceleration near Earth's surface is about9.8 m s⁻², often rounded to10 m s⁻² in SPM calculations."
F4 Chp 11,radio,Melaka2025_Q19,A,B,C,D,B,Melaka 2025/Picture19.png,"中文：速度等于位移图斜率：(0−30)÷(25−15) =−3.0 m s⁻¹；负号表示反方向。
English: Velocity is the displacement-graph gradient: (0−30)÷(25−15) =−3.0 m s⁻¹, indicating motion in the opposite direction."
F4 Chp 11,radio,NegeriSembilan2025_Q19,A,B,C,D,C,Negeri Sembilan 2025/Picture19.png,"中文：速度=距离÷时间=100÷20=5 m s⁻¹。速度的单位是m s⁻¹，不是加速度的m s⁻²。
English: Speed = distance ÷ time = 100 ÷ 20 = 5 m s⁻¹. Its unit is m s⁻¹, not the acceleration unit m s⁻²."
F4 Chp 11,radio,Pahang2025_Q19,A,B,C,D,D,Pahang 2025/Picture19.png,"中文：装满物品的手推车质量更大、惯性更大，因此比空车更难开始移动。这与装水罐较难停止的概念相同。
English: A fully loaded trolley has greater mass and inertia, making it harder to start moving than an empty trolley. This is the same concept as the water-filled can being harder to stop."
F4 Chp 11,radio,Penang2025_Q19,A,B,C,D,C,Penang 2025/Picture19.png,"中文：位移是速度—时间图下的面积。0至10 s的面积=½×6×15+4×15=45+60=105 m，选C。
English: Displacement is the area under the velocity–time graph. From 0 to 10 s, area = ½ × 6 × 15 + 4 × 15 = 45 + 60 = 105 m, giving C."
F4 Chp 11,radio,Perak2025_Q19,A,B,C,D,A,Perak 2025/Picture19.png,"中文：加速度=(末速度−初速度)÷时间=(20−0)÷4=5 m s⁻²，因此选A。
English: Acceleration = (final velocity − initial velocity) ÷ time = (20 − 0) ÷ 4 = 5 m s⁻², giving A."
F4 Chp 11,radio,Selangor2025_Q19,A,B,C,D,A,Selangor 2025/Picture19.png,"中文：真空没有空气阻力，物体下落时可只受重力作用，符合自由落体条件。
English: A vacuum has no air resistance, allowing a falling object to move under gravity alone, which meets the condition for free fall."
F4 Chp 11,radio,Kelantan2025_Q20,A,B,C,D,C,Kelantan 2025/Picture20.png,"中文：11个点有10个间隔，时间10÷50 =0.20 s；速度0.065÷0.20 =0.325 m s⁻¹，应为A。现有答案C的32.50未把厘米换成米。
English: Eleven dots give ten intervals: time =10÷50 =0.20 s. Speed =0.065÷0.20 =0.325 m s⁻¹, option A. Existing answer C, 32.50, fails to convert centimetres to metres."
F4 Chp 11,radio,Melaka2025_Q20,A,B,C,D,A,Melaka 2025/Picture20.png,"中文：较大质量有较大惯性，更难改变原来的运动状态。
English: Greater mass gives greater inertia, making the original state of motion harder to change."
F4 Chp 11,radio,NegeriSembilan2025_Q20,A,B,C,D,A,Negeri Sembilan 2025/Picture20.png,"中文：装沙的罐质量较大，较难改变运动状态，因此惯性较大，摆动较久。结论是质量越大，惯性越大。
English: The sand-filled can has greater mass and resists changes in motion more strongly, so it has greater inertia and swings for longer. Greater mass means greater inertia."
F4 Chp 11,radio,Penang2025_Q20,A,B,C,D,A,Penang 2025/Picture20.png,"中文：橙子从树上落下时受重力加速，向下的速度逐渐增加，因此选A。
English: As the orange falls, gravity accelerates it and its downward velocity increases, so A is correct."
F4 Chp 11,radio,Perak2025_Q20,A,B,C,D,A,Perak 2025/Picture20.png,"中文：自由落体只受重力作用，不包括空气阻力或其他阻力，因此A符合定义。
English: Free fall is motion under gravity alone, without air resistance or other resistive forces, so A matches the definition."
F4 Chp 11,radio,Kedah2025_Q21,A,B,C,D,B,Kedah 2025/Picture21.png,"中文：平均速度 =150÷30 =5 m s⁻¹；题目把距离当作同方向的位移。
English: Average velocity =150÷30 =5 m s⁻¹, treating the journey as motion in one direction."
F4 Chp 11,radio,Perak2025_Q21,A,B,C,D,C,Perak 2025/Picture21.png,"中文：K较难停止，表示惯性较大；L较快停止，惯性较小，因此选C。惯性与质量有关。
English: K takes longer to stop, indicating greater inertia. L stops sooner and has smaller inertia, so C is correct. Inertia depends on mass."
F4 Chp 11,radio,Johor2025_Q22,A,B,C,D,B,Johor 2025/Picture22.png,"中文：4至6秒位移从6升至10 m，5秒为中点，位移8 m。
English: Displacement rises from 6 to 10 m between 4 and 6 s; at the midpoint, 5 s, it is 8 m."
F4 Chp 11,radio,Kedah2025_Q22,A,B,C,D,A,Kedah 2025/Picture22.png,"中文：P无空气阻力，硬币和羽毛同时落地；Q有空气阻力，羽毛受影响较大。
English: P has no air resistance, so both fall together; Q has air resistance, which affects the feather more."
F4 Chp 11,radio,Putrajaya2025_Q22,A,B,C,D,C,Putrajaya 2025/Picture22.png,"中文：风扇叶有惯性，倾向保持原来的运动状态，所以断电后仍转动一段时间，直到阻力使其停止。
English: The fan blades have inertia and tend to maintain their motion, so they continue rotating after power is switched off until resistance brings them to rest."
F4 Chp 11,radio,Johor2025_Q23,A,B,C,D,A,Johor 2025/Picture23.png,"中文：自由落体指只受重力作用的下落；真空中没有空气阻力。
English: Free fall is motion under gravity alone; a vacuum removes air resistance."
F4 Chp 11,radio,Perlis2025_Q23,A,B,C,D,C,Perlis 2025/Picture23.png,"中文：20至30 s，速度由20降至0 m s⁻¹。加速度=(0−20)÷(30−20)=−2.00 m s⁻²，负号表示减速。
English: From 20 to 30 s, velocity falls from 20 to 0 m s⁻¹. Acceleration = (0 − 20) ÷ (30 − 20) = −2.00 m s⁻², where the negative sign indicates deceleration."
F4 Chp 11,radio,Putrajaya2025_Q23,A,B,C,D,C,Putrajaya 2025/Picture23.png,"中文：惯性随质量增加而增加。多载一名乘客提高总质量，因此增加摩托车和乘客整体的惯性。
English: Inertia increases with mass. Carrying another passenger increases total mass and therefore the inertia of the motorcycle–passenger system."
F4 Chp 11,radio,Perlis2025_Q24,A,B,C,D,A,Perlis 2025/Picture24.png,"中文：分隔油罐可限制液体在加速或刹车时大幅流动，减少液体惯性造成的冲击，提高稳定性。
English: Compartments limit large movements of oil during acceleration or braking, reducing impacts caused by the liquid's inertia and improving stability."
F4 Chp 12,radio,Muar2025_Q19,A,B,C,D,C,Muar 2025/Picture19.png,"中文：太阳以核聚变产生能量：较轻的原子核结合成较重的原子核，同时释放大量能量。
English: The Sun produces energy by nuclear fusion: lighter nuclei combine into heavier nuclei and release a large amount of energy."
F4 Chp 12,radio,PasirGudang2025_Q19,A,B,C,D,A,Pasir Gudang 2025/Picture19.png,"中文：核电站使用铀-235进行可控制的核裂变，释放热能，最终带动发电机产生电能。
English: A nuclear power station uses controlled fission of uranium-235 to release heat, which ultimately drives generators to produce electricity."
F4 Chp 12,radio,KualaLumpur2025_Q20,A,B,C,D,C,Kuala Lumpur 2025/Picture20.png,"中文：辐射损伤遗传物质，可影响胎儿发育并增加先天异常风险。
English: Radiation can damage genetic material, affect fetal development and increase the risk of congenital abnormalities."
F4 Chp 12,radio,Muar2025_Q20,A,B,C,D,A,Muar 2025/Picture20.png,"中文：胶片徽章记录工作人员接受的辐射剂量，帮助监测是否超过安全限度，因此选A。它是监测工具，并不是防辐射屏障。
English: A film badge records the radiation dose received by a worker, helping monitor whether exposure exceeds safe limits. It is a monitoring device rather than a radiation shield."
F4 Chp 12,radio,Pahang2025_Q20,A,B,C,D,D,Pahang 2025/Picture20.png,"中文：放射性废物若管理不当，会使人接触电离辐射，损伤细胞并增加疾病风险，这是核能的负面影响。
English: Poorly managed radioactive waste can expose people to ionising radiation, damaging cells and increasing disease risk. This is a negative effect of nuclear energy."
F4 Chp 12,radio,PasirGudang2025_Q20,A,B,C,D,D,Pasir Gudang 2025/Picture20.png,"中文：核燃料少量便能释放大量能量，可持续供应大量电力，适合满足人口多、能源需求高的国家。
English: A small amount of nuclear fuel releases a large amount of energy, enabling a substantial electricity supply for countries with large populations and high demand."
F4 Chp 12,radio,Selangor2025_Q20,A,B,C,D,D,Selangor 2025/Picture20.png,"中文：核事故可释放放射性物质，威胁健康并使居民撤离，失去安全住所。D最直接对应题目描述。
English: A nuclear accident can release radioactive material, threatening health and forcing residents to evacuate and lose safe homes. D most directly matches the description."
F4 Chp 12,radio,Kelantan2025_Q21,A,B,C,D,C,Kelantan 2025/Picture21.png,"中文：沿海有大量水可供冷却核电站设备，是课本所列选址因素之一。
English: Coastal sites provide plentiful cooling water, an important textbook consideration for nuclear power stations."
F4 Chp 12,radio,Melaka2025_Q21,A,B,C,D,A,Melaka 2025/Picture21.png,"中文：X为控制棒，吸收中子以控制核裂变速率。
English: X is a control rod, which absorbs neutrons to control the rate of nuclear fission."
F4 Chp 12,radio,NegeriSembilan2025_Q21,A,B,C,D,D,Negeri Sembilan 2025/Picture21.png,"中文：核能是原子核发生反应时释放的能量，例如核裂变和核聚变，并非普通化学燃烧产生的能量。
English: Nuclear energy is released by reactions in atomic nuclei, such as fission and fusion, rather than ordinary chemical combustion."
F4 Chp 12,radio,Penang2025_Q21,A,B,C,D,C,Penang 2025/Picture21.png,"中文：躯体效应发生在受辐射者自身。依此题分类，白内障和疲倦属于躯体效应，因此选C。
English: Somatic effects occur in the exposed person's own body. In this question's classification, cataracts and tiredness are somatic effects, so C is the intended answer."
F4 Chp 12,radio,Kelantan2025_Q22,A,B,C,D,A,Kelantan 2025/Picture22.png,"中文：按本题SPM分类，疲劳及脱发列体细胞效应，癌症和胎儿异常列遗传损伤效应；这并不表示所有癌症可遗传给后代。
English: In this SPM classification, fatigue and hair loss are somatic effects, while cancer and fetal abnormalities are grouped with genetic damage; this does not mean all cancer is inherited by offspring."
F4 Chp 12,radio,NegeriSembilan2025_Q22,A,B,C,D,D,Negeri Sembilan 2025/Picture22.png,"中文：煤炭燃烧释放大量二氧化碳等温室气体；核电在发电过程中直接碳排放较少，但需处理放射性废物。因此Z的温室气体较多。
English: Coal combustion releases large amounts of greenhouse gases such as carbon dioxide. Nuclear electricity generation has lower direct carbon emissions but requires radioactive-waste management. Thus Z produces more greenhouse gases."
F4 Chp 12,radio,Penang2025_Q22,A,B,C,D,B,Penang 2025/Picture22.png,"中文：相较燃烧化石燃料发电，核电在运行发电时直接排放的温室气体较少，因此可降低发电碳排放。
English: Compared with fossil-fuel combustion, nuclear electricity generation has lower direct greenhouse-gas emissions during operation and can reduce emissions from power generation."
F4 Chp 12,radio,Perak2025_Q22,A,B,C,D,C,Perak 2025/Picture22.png,"中文：Y是冷凝器，把通过涡轮后的蒸汽冷却成水，让水循环返回系统。
English: Y is the condenser, which cools steam after it passes through the turbine, turning it into water for recirculation."
F4 Chp 12,radio,Kedah2025_Q23,A,B,C,D,D,Kedah 2025/Picture23.png,"中文：铀-235核裂变放出大量热能，可用于发电。
English: Uranium-235 releases heat through nuclear fission and is used to generate electricity."
F4 Chp 12,radio,Johor2025_Q24,A,B,C,D,A,Johor 2025/Picture24.png,"中文：铀核裂变释放大量热能，可用作核反应堆燃料。
English: Uranium undergoes nuclear fission, releasing heat as fuel in a nuclear reactor."
F4 Chp 12,radio,Kedah2025_Q24,A,B,C,D,D,Kedah 2025/Picture24.png,"中文：按答案D，化石燃料终会耗尽，是考虑核能的原因；C的放射性废物管理专长也确是建设核电站的重要条件。
English: Following answer D, fossil-fuel depletion is a reason to consider nuclear power; C, expertise in radioactive-waste management, is also a valid construction consideration."
F4 Chp 12,radio,Putrajaya2025_Q24,A,B,C,D,C,Putrajaya 2025/Picture24.png,"中文：白内障影响受辐射者自身的眼睛，属于躯体效应，因此依答案选C。一般而言，受辐射者自身的癌症也可属躯体效应，单选表述不够明确。
English: Cataracts affect the exposed person's own eyes and are somatic effects, supporting C. Cancer in the exposed person can also be a somatic effect, so the single-answer wording is not fully clear."
F4 Chp 12,radio,Johor2025_Q25,A,B,C,D,A,Johor 2025/Picture25.png,"中文：P指流经反应堆的冷却剂，吸收并带走核裂变产生的热。
English: P indicates the coolant, which absorbs and carries away heat released by nuclear reactions."
F4 Chp 12,radio,Perlis2025_Q25,A,B,C,D,B,Perlis 2025/Picture25.png,"中文：白血病发生在受辐射者自身的血液形成组织，属于躯体效应，因此依答案选B。癌症A在一般分类中也可属躯体效应，题目单选性不够明确。
English: Leukaemia affects the exposed person's own blood-forming tissues and is a somatic effect, supporting the keyed answer B. Cancer in A can also be a somatic effect, so the single-answer distinction is unclear."
F4 Chp 12,radio,Putrajaya2025_Q25,A,B,C,D,D,Putrajaya 2025/Picture25.png,"中文：钴-60发出的伽马射线能杀死医疗器材上的微生物，用来进行灭菌，因此选D。
English: Gamma radiation emitted by cobalt-60 kills microorganisms on medical equipment and is used for sterilisation, so D is correct."
F4 Chp 2,radio,Kedah2025_Q02,A,B,C,D,C,Kedah 2025/Picture2.png,"中文：气道阻塞使供氧不足，血液含氧量降低，皮肤及嘴唇可呈蓝色。
English: Airway blockage reduces oxygen supply; low blood oxygen can cause bluish skin and lips."
F4 Chp 2,radio,Melaka2025_Q02,A,B,C,D,C,Melaka 2025/Picture2.png,"中文：图为人工呼吸，把含氧空气送入受害者肺部。
English: The diagram shows rescue breaths, supplying oxygen-containing air to the victim's lungs."
F4 Chp 2,radio,Muar2025_Q02,A,B,C,D,D,Muar 2025/Picture2.png,"中文：图中进行胸外按压。按压胸部帮助血液循环，将氧气输送到脑和其他重要器官，因此选D。
English: The diagram shows chest compressions. These help restore blood circulation and carry oxygen to the brain and other vital organs, so D is the best answer."
F4 Chp 2,radio,NegeriSembilan2025_Q02,A,B,C,D,B,Negeri Sembilan 2025/Picture2.png,"中文：餐厅中的男子被食物噎住，适合进行海姆立克急救法。腹部向内、向上施压，可帮助把堵塞气道的物体排出。
English: The man is choking on food in a restaurant. The Heimlich manoeuvre uses inward and upward abdominal thrusts to help expel the object blocking his airway."
F4 Chp 2,radio,PasirGudang2025_Q02,A,B,C,D,C,Pasir Gudang 2025/Picture2.png,"中文：图中胸外按压帮助维持或恢复血液循环，让氧气继续送往脑和重要器官，因此选C。
English: The chest compressions help maintain or restore blood circulation so oxygen can reach the brain and vital organs, giving C."
F4 Chp 2,radio,Johor2025_Q03,A,B,C,D,D,Johor 2025/Picture3.png,"中文：按课本急救顺序先检查反应，再评估呼吸并求援；CPR不是所有昏迷者都立即进行。
English: The textbook sequence begins by checking responsiveness, followed by breathing assessment and help; unconsciousness alone does not automatically require CPR."
F4 Chp 2,radio,Kelantan2025_Q03,A,B,C,D,B,Kelantan 2025/Picture3.png,"中文：溺水后若无反应且没有正常呼吸，需要CPR帮助维持血液循环及供氧。
English: After drowning, an unresponsive victim who is not breathing normally requires CPR to support circulation and oxygen supply."
F4 Chp 2,radio,KualaLumpur2025_Q03,A,B,C,D,B,Kuala Lumpur 2025/Picture3.png,"中文：严重气道阻塞者无法有效咳嗽，可需要海姆立克急救；无反应且无正常呼吸则按CPR评估处理。
English: Inability to cough effectively indicates severe airway obstruction suitable for the Heimlich manoeuvre; an unresponsive victim without normal breathing requires CPR assessment."
F4 Chp 2,radio,NegeriSembilan2025_Q03,A,B,C,D,C,Negeri Sembilan 2025/Picture3.png,"中文：先检查反应Q；若没有正常呼吸，进行胸外按压R；再吹气P，最后重复直到救援到达S。正确顺序是Q、R、P、S。
English: First check the victim's response, Q. If there is no normal breathing, perform chest compressions, R, followed by rescue breaths, P. Repeat until help arrives, S. The order is Q, R, P, S."
F4 Chp 2,radio,Pahang2025_Q03,A,B,C,D,A,Pahang 2025/Picture3.png,"中文：用双手抓住喉咙是噎住的典型求救动作。海姆立克急救法帮助排出堵塞气道的异物。
English: Holding the throat with both hands is a typical choking sign. The Heimlich manoeuvre helps expel an object blocking the airway."
F4 Chp 2,radio,Penang2025_Q03,A,B,C,D,B,Penang 2025/Picture3.png,"中文：胸外按压帮助推动血液循环，使血液继续流向身体重要器官，因此选B。
English: Chest compressions help circulate blood so it continues to reach vital organs, so B is correct."
F4 Chp 2,radio,Perak2025_Q03,A,B,C,D,D,Perak 2025/Picture3.png,"中文：已恢复正常呼吸但仍昏迷的伤者，应依题目放成侧卧恢复姿势，以帮助保持气道通畅。
English: A victim who has resumed normal breathing but remains unconscious should be placed in the recovery position on their side, as described, to help keep the airway clear."
F4 Chp 2,radio,Perlis2025_Q03,A,B,C,D,D,Perlis 2025/Picture3.png,"中文：Aminah恢复呼吸但仍昏迷，应转为侧卧恢复姿势，保持气道通畅并继续观察呼吸。
English: Aminah has resumed breathing but remains unconscious. Place her on her side in the recovery position to keep the airway clear and continue monitoring breathing."
F4 Chp 2,radio,Selangor2025_Q03,A,B,C,D,B,Selangor 2025/Picture3.png,"中文：海姆立克急救法用于气道被异物堵塞的噎住情况，通过腹部推压帮助排出异物。
English: The Heimlich manoeuvre is used for choking caused by an airway obstruction. Abdominal thrusts help expel the object."
F4 Chp 2,radio,Kelantan2025_Q04,A,B,C,D,D,Kelantan 2025/Picture4.png,"中文：海姆立克法产生向上的压力，帮助排出堵在气道中的异物。
English: The Heimlich manoeuvre creates an upward pressure to expel an object blocking the airway."
F4 Chp 2,radio,Penang2025_Q04,A,B,C,D,C,Penang 2025/Picture4.png,"中文：独自噎住时，可按题目方法把拳头放在肚脐上方、肋骨下方，利用稳固椅背施压，帮助排出气道异物。
English: When choking alone, the described self-rescue method places a fist above the navel and below the ribs, using a firm chair edge to apply thrusts and help expel the obstruction."
F4 Chp 2,radio,Perlis2025_Q04,A,B,C,D,B,Perlis 2025/Picture4.png,"中文：腹部向内、向上快速施压会提高胸腔和肺内压力，使气流把气道异物排出，因此选B。
English: Quick inward and upward abdominal thrusts increase pressure in the chest and lungs, producing airflow that helps expel the airway obstruction, so B is correct."
F4 Chp 2,radio,Putrajaya2025_Q04,A,B,C,D,D,Putrajaya 2025/Picture4.png,"中文：腹部推压提高肺内压力，使肺中的空气迅速向外流，把堵塞气道的物体推出，因此选D。
English: Abdominal thrusts increase pressure in the lungs, forcing air out rapidly and helping expel the object blocking the airway, so D is correct."
F4 Chp 2,radio,Putrajaya2025_Q05,A,B,C,D,A,Putrajaya 2025/Picture5.png,"中文：检查反应时可向伤者说话，观察是否回应。移离危险和人工呼吸是急救程序的其他部分。
English: When checking responsiveness, speak to the victim and observe whether they respond. Removing danger and giving rescue breaths are other parts of the emergency procedure."
F4 Chp 3,radio,Kedah2025_Q03,A,B,C,D,D,Kedah 2025/Picture3.png,"中文：图为非接触式红外线温度计，利用人体发出的红外线测温。
English: The diagram shows a non-contact infrared thermometer that detects infrared radiation from the body."
F4 Chp 3,radio,Melaka2025_Q03,A,B,C,D,A,Melaka 2025/Picture3.png,"中文：BMI =45÷1.66² ≈16.33 kg m⁻²，低于18.5，属于体重不足。
English: BMI =45÷1.66² ≈16.33 kg m⁻², below18.5 and therefore underweight."
F4 Chp 3,radio,Muar2025_Q03,A,B,C,D,D,Muar 2025/Picture3.png,"中文：血压计测量血压，读数通常包括收缩压和舒张压，单位为mmHg。
English: A blood pressure monitor measures blood pressure, usually showing systolic and diastolic pressure in mmHg."
F4 Chp 3,radio,PasirGudang2025_Q03,A,B,C,D,B,Pasir Gudang 2025/Picture3.png,"中文：实验室温度计的量程适合测量水的沸点，约100°C；临床和直肠体温计则主要用于体温范围。
English: A laboratory thermometer has a range suitable for measuring water's boiling point, around 100°C. Clinical and rectal thermometers are designed mainly for body temperatures."
F4 Chp 3,radio,Johor2025_Q04,A,B,C,D,A,Johor 2025/Picture4.png,"中文：150/95 mmHg在本题课本范围属于高血压读数；长期偏高与高血压相符。
English: In the textbook classification, a persistently elevated reading of 150/95 mmHg indicates hypertension."
F4 Chp 3,radio,Kedah2025_Q04,A,B,C,D,D,Kedah 2025/Picture4.png,"中文：图中86/60 mmHg偏低，按本题课本分类属于低血压。
English: The reading of 86/60 mmHg is low and indicates low blood pressure in this question."
F4 Chp 3,radio,KualaLumpur2025_Q04,A,B,C,D,A,Kuala Lumpur 2025/Picture4.png,"中文：图中125/80 mmHg按课本分类为正常血压，不属于高血压。
English: The reading of125/80 mmHg is normal under the textbook classification, rather than hypertension."
F4 Chp 3,radio,NegeriSembilan2025_Q04,A,B,C,D,B,Negeri Sembilan 2025/Picture4.png,"中文：38.6°C高于正常体温，表示发烧。病原体感染会触发身体的免疫反应，使体温升高。
English: A temperature of 38.6°C is above normal and indicates fever. A pathogen infection can trigger an immune response that raises body temperature."
F4 Chp 3,radio,Pahang2025_Q04,A,B,C,D,D,Pahang 2025/Picture4.png,"中文：红外线体温计检测身体发出的红外线，因此不必接触病人便能测量体温。
English: An infrared thermometer detects infrared radiation emitted by the body, allowing temperature to be measured without touching the patient."
F4 Chp 3,radio,Perak2025_Q04,A,B,C,D,A,Perak 2025/Picture4.png,"中文：BMI=55÷1.65²=20.20 kg m⁻²，因此选A。
English: BMI = 55 ÷ 1.65² = 20.20 kg m⁻², so A is correct."
F4 Chp 3,radio,Selangor2025_Q04,A,B,C,D,C,Selangor 2025/Picture4.png,"中文：图中血压约152/90 mmHg。依本题课本分类，收缩压140至159或舒张压90至99属于第一期高血压，因此选C。
English: The reading is approximately 152/90 mmHg. Under this question's textbook classification, systolic pressure of 140–159 or diastolic pressure of 90–99 is stage 1 hypertension, giving C."
F4 Chp 3,radio,Johor2025_Q05,A,B,C,D,C,Johor 2025/Picture5.png,"中文：正常BMI约18.5至24.9 kg m⁻²，21在正常范围；26和29属于超重。
English: A BMI of 21 kg m⁻² lies within the normal range of about 18.5–24.9; 26 and 29 indicate overweight."
F4 Chp 3,radio,Kelantan2025_Q05,A,B,C,D,C,Kelantan 2025/Picture5.png,"中文：BMI =65÷1.60² =25.39，约25.4 kg m⁻²。
English: BMI =65÷1.60² =25.39, approximately 25.4 kg m⁻²."
F4 Chp 3,radio,KualaLumpur2025_Q05,A,B,C,D,C,Kuala Lumpur 2025/Picture5.png,"中文：BMI =72÷1.65² =26.45 kg m⁻²。
English: BMI =72÷1.65² =26.45 kg m⁻²."
F4 Chp 3,radio,NegeriSembilan2025_Q05,A,B,C,D,A,Negeri Sembilan 2025/Picture5.png,"中文：BMI=体重÷身高²=59÷1.65²=21.67 kg m⁻²，因此选A。
English: BMI = mass ÷ height² = 59 ÷ 1.65² = 21.67 kg m⁻², so A is correct."
F4 Chp 3,radio,Pahang2025_Q05,A,B,C,D,B,Pahang 2025/Picture5.png,"中文：身高=√(体重÷BMI)=√(78÷26.99)≈1.70 m，因此选B。
English: Height = √(mass ÷ BMI) = √(78 ÷ 26.99) ≈ 1.70 m, so B is correct."
F4 Chp 3,radio,Penang2025_Q05,A,B,C,D,D,Penang 2025/Picture5.png,"中文：图中是红外线体温计，通过探测身体发出的红外线测量温度，不必像传统体温计一样直接接触身体。
English: The device is an infrared thermometer. It detects radiation emitted by the body and does not require the direct contact used by conventional thermometers."
F4 Chp 3,radio,Perlis2025_Q05,A,B,C,D,C,Perlis 2025/Picture5.png,"中文：15秒有32次脉搏，1分钟是15秒的4倍。脉搏率=32×4=128 bpm。
English: There are 32 beats in 15 seconds, and one minute contains four such intervals. Pulse rate = 32 × 4 = 128 bpm."
F4 Chp 3,radio,Selangor2025_Q05,A,B,C,D,C,Selangor 2025/Picture5.png,"中文：BMI=57÷1.73²=19.05 kg m⁻²，因此选C。
English: BMI = 57 ÷ 1.73² = 19.05 kg m⁻², so C is correct."
F4 Chp 3,radio,Penang2025_Q06,A,B,C,D,C,Penang 2025/Picture6.png,"中文：剧烈运动时肌肉需要更多氧气及能量，心脏加快输送血液，所以脉搏加快，C正确。
English: During vigorous exercise, muscles need more oxygen and energy. The heart pumps blood faster, increasing pulse rate, so C is correct."
F4 Chp 3,radio,Perlis2025_Q06,A,B,C,D,D,Perlis 2025/Picture6.png,"中文：Anis的BMI 18属偏低，可能因营养不足而疲倦；Suri的BMI 32属肥胖，糖尿病风险较高，因此D符合题目配对。
English: Anis's BMI of 18 is low and may be associated with fatigue from inadequate nutrition. Suri's BMI of 32 indicates obesity and a higher diabetes risk, matching D."
F4 Chp 3,radio,Putrajaya2025_Q06,A,B,C,D,A,Putrajaya 2025/Picture6.png,"中文：病毒感染可触发免疫反应并导致发烧，使体温超过正常水平，因此选A。
English: A viral infection can trigger an immune response and fever, raising body temperature above normal, so A is correct."
F4 Chp 3,radio,Putrajaya2025_Q07,A,B,C,D,B,Putrajaya 2025/Picture7.png,"中文：运动后脉搏升高是身体增加供氧的反应。休息片刻可让心跳逐渐恢复，因此题目选择B。
English: Pulse rises after exercise as the body increases oxygen delivery. Rest allows heart rate to recover gradually, so B is the intended answer."
F4 Chp 4,radio,Melaka2025_Q04,A,B,C,D,D,Melaka 2025/Picture4.png,"中文：砍伐森林减少二氧化碳吸收，燃烧也会释放二氧化碳，使大气含量增加。
English: Deforestation reduces carbon dioxide absorption, while burning releases it, increasing atmospheric carbon dioxide."
F4 Chp 4,radio,Muar2025_Q04,A,B,C,D,C,Muar 2025/Picture4.png,"中文：图中喷洒农业化学品。过量使用某些化肥或农药会改变土壤性质，并可使土壤酸性增加，因此选C。
English: The farmer is spraying agricultural chemicals. Excessive use of certain fertilisers or pesticides can change soil conditions and increase soil acidity, so C is the intended answer."
F4 Chp 4,radio,PasirGudang2025_Q04,A,B,C,D,D,Pasir Gudang 2025/Picture4.png,"中文：污水先处理再排入河流，可减少污染物和有机废物，直接改善水质，因此选D。
English: Treating wastewater before discharge removes pollutants and organic waste, directly improving river water quality, so D is correct."
F4 Chp 4,radio,Kedah2025_Q05,A,B,C,D,C,Kedah 2025/Picture5.png,"中文：化石燃料不可在短期再生，储量耗尽属于能源领域的社会科学议题。
English: Fossil fuels are not rapidly renewable; their depletion is a socioscientific issue in the energy sector."
F4 Chp 4,radio,Melaka2025_Q05,A,B,C,D,C,Melaka 2025/Picture5.png,"中文：绿色交通以较低能耗及较少温室气体排放为目标。
English: Green transportation aims to minimise energy use and greenhouse gas emissions."
F4 Chp 4,radio,Muar2025_Q05,A,B,C,D,C,Muar 2025/Picture5.png,"中文：绿色技术可节省水、能源和其他资源。设备可能有初期成本，但长期可降低农业经营费用，这是间接经济利益。
English: Green technology saves water, energy and other resources. Although equipment may have an initial cost, it can reduce long-term agricultural operating expenses, which is an indirect economic benefit."
F4 Chp 4,radio,PasirGudang2025_Q05,A,B,C,D,B,Pasir Gudang 2025/Picture5.png,"中文：森林被清除使动物失去栖息地；失去树根固定土壤后，土壤也更容易被侵蚀，因此选择Q和R。
English: Deforestation destroys habitats and removes roots that hold soil in place, increasing soil erosion. Therefore Q and R are correct."
F4 Chp 4,radio,Perak2025_Q05,A,B,C,D,B,Perak 2025/Picture5.png,"中文：地热利用地球内部的热能，是替代能源。天然气、石油和煤则是化石燃料，因此选B。
English: Geothermal energy uses heat from within Earth and is an alternative energy source. Natural gas, petroleum and coal are fossil fuels, so B is correct."
F4 Chp 4,radio,Johor2025_Q06,A,B,C,D,C,Johor 2025/Picture6.png,"中文：太阳能车减少直接燃烧化石燃料，因此可减少温室气体排放。
English: Solar-powered vehicles reduce direct fossil-fuel combustion and can lower greenhouse gas emissions."
F4 Chp 4,radio,Kedah2025_Q06,A,B,C,D,B,Kedah 2025/Picture6.png,"中文：只在必要时用纸属于减少使用，能从源头减少纸张需求及固体废物。
English: Using paper only when necessary reduces demand and solid waste at the source."
F4 Chp 4,radio,Kelantan2025_Q06,A,B,C,D,A,Kelantan 2025/Picture6.png,"中文：可再生能源可替代部分化石燃料，减少燃烧产生的污染及温室气体。
English: Renewable energy replaces some fossil-fuel use and reduces combustion-related pollution and greenhouse gases."
F4 Chp 4,radio,KualaLumpur2025_Q06,A,B,C,D,B,Kuala Lumpur 2025/Picture6.png,"中文：Refuse指拒绝不必要产品，是5R之一，帮助从源头减废。
English: Refuse is one of the5Rs: rejecting unnecessary products prevents waste at the source."
F4 Chp 4,radio,NegeriSembilan2025_Q06,A,B,C,D,C,Negeri Sembilan 2025/Picture6.png,"中文：把旧轮胎再加工成新物品，可减少废物并节省资源。随意掩埋或丢弃会造成环境问题。
English: Reprocessing used tyres into new products reduces waste and conserves resources. Burying or dumping them indiscriminately causes environmental problems."
F4 Chp 4,radio,Pahang2025_Q06,A,B,C,D,D,Pahang 2025/Picture6.png,"中文：森林燃烧释放二氧化碳，同时减少吸收二氧化碳的树木。二氧化碳是温室气体，会加强全球暖化。
English: Forest burning releases carbon dioxide and removes trees that absorb it. Carbon dioxide is a greenhouse gas that contributes to global warming."
F4 Chp 4,radio,Perak2025_Q06,A,B,C,D,A,Perak 2025/Picture6.png,"中文：砍伐森林减少树木吸收二氧化碳的能力，使温室效应加强，导致全球暖化，因此依答案选A。砍伐也可能增加洪水风险。
English: Deforestation reduces carbon-dioxide uptake by trees, strengthening the greenhouse effect and contributing to global warming, supporting A. It can also increase flood risk."
F4 Chp 4,radio,Selangor2025_Q06,A,B,C,D,B,Selangor 2025/Picture6.png,"中文：依本题课本资料，纸张是固体废物的重要主要来源，因此答案取B。减少用纸、重复使用和回收有助降低这类废物。
English: According to the textbook context used by this question, paper is a major contributor to solid waste, giving B. Reducing paper use, reusing it and recycling help lower this waste."
F4 Chp 4,radio,Kedah2025_Q07,A,B,C,D,D,Kedah 2025/Picture7.png,"中文：大量开发森林减少树木，削弱吸收二氧化碳及释放氧气的作用。
English: Widespread forest clearing removes trees and reduces carbon dioxide absorption and oxygen production."
F4 Chp 4,radio,Kelantan2025_Q07,A,B,C,D,C,Kelantan 2025/Picture7.png,"中文：不当排放废水污染河流等水体，破坏附近生态系统，属于水污染。
English: Improper wastewater discharge pollutes water bodies and disrupts nearby ecosystems."
F4 Chp 4,radio,KualaLumpur2025_Q07,A,B,C,D,D,Kuala Lumpur 2025/Picture7.png,"中文：脂肪酸甲酯为生物柴油，按答案D可替代部分化石柴油；C鼓励电动车也可减少直接尾气排放。
English: Fatty acid methyl esters are biodiesel and replace some fossil diesel, explaining D; encouraging electric vehicles in C can also reduce direct exhaust emissions."
F4 Chp 4,radio,NegeriSembilan2025_Q07,A,B,C,D,B,Negeri Sembilan 2025/Picture7.png,"中文：绿色技术减少化石燃料消耗及碳排放，帮助减缓全球暖化，因此选B。
English: Green technology reduces fossil fuel consumption and carbon emissions, helping limit global warming, so B is correct."
F4 Chp 4,radio,Pahang2025_Q07,A,B,C,D,A,Pahang 2025/Picture7.png,"中文：交通工具燃烧石油燃料，排放二氧化碳及可导致酸雨的污染物，因此这些问题属于交通领域。
English: Vehicles burn petroleum fuels, releasing carbon dioxide and pollutants that can contribute to acid rain. These issues therefore belong to the transportation sector."
F4 Chp 4,radio,Penang2025_Q07,A,B,C,D,C,Penang 2025/Picture7.png,"中文：绿色植物进行光合作用，吸收二氧化碳、释放氧气，因此森林被称为地球的肺。
English: Green plants photosynthesise, absorbing carbon dioxide and releasing oxygen. This explains why forests are called the lungs of the Earth."
F4 Chp 4,radio,Perlis2025_Q07,A,B,C,D,A,Perlis 2025/Picture7.png,"中文：题目中的绿色燃料减少对传统化石燃料的依赖，并以降低温室气体排放为优点，因此选A。
English: The green fuel described reduces reliance on conventional fossil fuels and is presented as reducing greenhouse-gas emissions, so A is correct."
F4 Chp 4,radio,Selangor2025_Q07,A,B,C,D,C,Selangor 2025/Picture7.png,"中文：提高LRT班次可吸引更多人使用公共交通，减少私人车辆及相关排放，因此选C。电动车优惠也可能有帮助，但答案着重公共交通。
English: More frequent LRT services encourage public transport use and reduce private vehicles and related emissions, supporting C. Electric-vehicle incentives may also help, but the key emphasises public transport."
F4 Chp 4,radio,KualaLumpur2025_Q08,A,B,C,D,D,Kuala Lumpur 2025/Picture8.png,"中文：绿色交通减少化石燃料消耗，有助降低温室气体排放。
English: Green transport reduces fossil-fuel use and helps lower greenhouse gas emissions."
F4 Chp 4,radio,Penang2025_Q08,A,B,C,D,A,Penang 2025/Picture8.png,"中文：不用电器时关掉电源能节省电能，减少发电产生的碳排放，从而降低碳足迹。
English: Switching off unused appliances saves electricity and reduces emissions associated with electricity generation, lowering the carbon footprint."
F4 Chp 4,radio,Putrajaya2025_Q08,A,B,C,D,A,Putrajaya 2025/Picture8.png,"中文：太阳能板把可再生的太阳能转成电能，在使用时不燃烧化石燃料，是绿色技术。
English: Solar panels convert renewable solar energy into electricity without burning fossil fuels during use, making them green technology."
F4 Chp 4,radio,Selangor2025_Q08,A,B,C,D,D,Selangor 2025/Picture8.png,"中文：生物燃料车和电动车是课程中减少传统化石燃料使用及温室气体排放的措施，因此选D。
English: Biofuel and electric vehicles are course examples of reducing conventional fossil-fuel use and greenhouse-gas emissions, so D is correct."
F4 Chp 4,radio,Putrajaya2025_Q09,A,B,C,D,C,Putrajaya 2025/Picture9.png,"中文：绿色技术着重节省资源、减少污染和碳排放，以降低人类活动对环境的不良影响。
English: Green technology aims to conserve resources and reduce pollution and carbon emissions, limiting the negative environmental impacts of human activities."
F4 Chp 4,radio,Muar2025_Q26,A,B,C,D,A,Muar 2025/Picture26.png,"中文：能源领域的绿色技术采用较清洁或可再生能源，减少对化石燃料的依赖以及碳排放。
English: Green technology in the energy sector uses cleaner or renewable energy sources to reduce dependence on fossil fuels and lower carbon emissions."
F4 Chp 4,radio,Muar2025_Q27,A,B,C,D,B,Muar 2025/Picture27.png,"中文：露天焚烧、使用农药和化肥，以及开垦土地，与农业和林业活动有关，因此选B。
English: Open burning, pesticide and fertiliser use, and land clearing are associated with agriculture and forestry, so B is correct."
F4 Chp 5,radio,Melaka2025_Q06,A,B,C,D,B,Melaka 2025/Picture6.png,"中文：Q为前期、P中期、R后期、S末期，顺序Q、P、R、S。
English: Q is prophase, P metaphase, R anaphase and S telophase, giving Q–P–R–S."
F4 Chp 5,radio,Muar2025_Q06,A,B,C,D,A,Muar 2025/Picture6.png,"中文：父亲XᵗY与携带者母亲XᵀXᵗ，可产生XᵀXᵗ、XᵗXᵗ、XᵀY和XᵗY。患色盲儿子与正常携带者女儿各占1/4，比例为1:1。
English: Crossing a colour-blind father, XᵗY, with a carrier mother, XᵀXᵗ, gives XᵀXᵗ, XᵗXᵗ, XᵀY and XᵗY. A colour-blind son and a normal carrier daughter each have a probability of 1/4, giving a ratio of 1:1."
F4 Chp 5,radio,PasirGudang2025_Q06,A,B,C,D,A,Pasir Gudang 2025/Picture6.png,"中文：Bb×bb可产生一半Bb及一半bb。依题目的显隐性模型，能卷舌与不能卷舌的比例为1:1。
English: Bb × bb produces half Bb and half bb. Under the question's dominant–recessive model, the ratio of tongue rollers to non-rollers is 1:1."
F4 Chp 5,radio,Johor2025_Q07,A,B,C,D,B,Johor 2025/Picture7.png,"中文：图为有丝分裂，产生两个染色体数目相同的子细胞，在体细胞中进行以生长及修复。
English: The diagram shows mitosis, producing two cells with the same chromosome number in somatic tissues for growth and repair."
F4 Chp 5,radio,Melaka2025_Q07,A,B,C,D,A,Melaka 2025/Picture7.png,"中文：Tt×tt产生一半Tt高株、一半tt矮株，比例1:1。
English: Tt×tt produces half Tt tall offspring and half tt dwarf offspring, a1:1 ratio."
F4 Chp 5,radio,Perak2025_Q07,A,B,C,D,C,Perak 2025/Picture7.png,"中文：Pp×pp产生Pp与pp各一半，所以紫花与白花的表型比例为1:1。
English: Pp × pp produces equal proportions of Pp and pp, giving a phenotype ratio of one purple flower to one white flower."
F4 Chp 5,radio,Johor2025_Q08,A,B,C,D,C,Johor 2025/Picture8.png,"中文：核型图显示染色体数目异常，属于染色体突变，而非单一基因变化。
English: Abnormal chromosome numbers visible in a karyotype indicate a chromosomal mutation rather than a change in one gene."
F4 Chp 5,radio,Kedah2025_Q08,A,B,C,D,C,Kedah 2025/Picture8.png,"中文：细胞分裂增加细胞数目，帮助生长并替换受损细胞。
English: Cell division increases cell numbers for growth and replaces damaged cells during tissue repair."
F4 Chp 5,radio,Kelantan2025_Q08,A,B,C,D,C,Kelantan 2025/Picture8.png,"中文：Tt×Tt产生TT、Tt、Tt、tt，表型高株:矮株为3:1，因此两亲本均为Tt。
English: Tt×Tt gives TT, Tt, Tt and tt, producing a 3:1 tall-to-short ratio; both parents are Tt."
F4 Chp 5,radio,Melaka2025_Q08,A,B,C,D,B,Melaka 2025/Picture8.png,"中文：把人胰岛素基因加入细菌质粒，细菌表达该基因以制造胰岛素。
English: A human insulin gene is inserted into a bacterial plasmid; the bacteria express it to produce insulin."
F4 Chp 5,radio,NegeriSembilan2025_Q08,A,B,C,D,B,Negeri Sembilan 2025/Picture8.png,"中文：母亲提供X染色体，父亲有相同机会提供X或Y。每次出生女孩的概率都是50%，不受之前三个儿子的出生影响。
English: The mother supplies an X chromosome, while the father has an equal chance of supplying X or Y. Each birth therefore has a 50% probability of a girl, independent of the three previous boys."
F4 Chp 5,radio,Pahang2025_Q08,A,B,C,D,C,Pahang 2025/Picture8.png,"中文：同源染色体交换对应的片段是交叉互换，发生在减数分裂中，可增加遗传变异。
English: Homologous chromosomes exchanging corresponding segments is crossing over. It occurs during meiosis and increases genetic variation."
F4 Chp 5,radio,Perak2025_Q08,A,B,C,D,D,Perak 2025/Picture8.png,"中文：交叉互换改变遗传组合，是遗传因素；气候是环境因素，因此D的配对正确。
English: Crossing over changes genetic combinations and is a genetic factor. Climate is an environmental factor, so D is correctly matched."
F4 Chp 5,radio,Perlis2025_Q08,A,B,C,D,D,Perlis 2025/Picture8.png,"中文：减数分裂进行两次细胞分裂，通常产生四个子细胞，每个的染色体数是母细胞的一半，因此D正确。
English: Meiosis involves two cell divisions, usually producing four daughter cells with half the parent's chromosome number, so D is correct."
F4 Chp 5,radio,Johor2025_Q09,A,B,C,D,B,Johor 2025/Picture9.png,"中文：羊膜穿刺取得胎儿细胞以分析遗传资料，可提早发现胎儿的某些遗传异常。
English: Amniocentesis obtains fetal cells for genetic analysis and can detect certain fetal abnormalities before birth."
F4 Chp 5,radio,Kedah2025_Q09,A,B,C,D,D,Kedah 2025/Picture9.png,"中文：纯种高株TT与矮株tt交配，配子为T和t，所有后代都是Tt。
English: Crossing pure-breeding TT with tt produces T and t gametes, so all offspring are Tt."
F4 Chp 5,radio,KualaLumpur2025_Q09,A,B,C,D,A,Kuala Lumpur 2025/Picture9.png,"中文：按SPM简化性状表，棕色眼睛相对于黑色眼睛列为隐性；真实眼色遗传涉及多个基因。
English: In the simplified SPM trait table, brown eyes are recessive relative to black eyes; real eye colour involves several genes."
F4 Chp 5,radio,NegeriSembilan2025_Q09,A,B,C,D,D,Negeri Sembilan 2025/Picture9.png,"中文：血型有A、B、AB和O等明确类别，中间没有连续过渡，是不连续变异，符合分开的柱状图。
English: Blood groups have distinct categories such as A, B, AB and O, with no continuous intermediate values. They show discontinuous variation, represented by separate bars."
F4 Chp 5,radio,Pahang2025_Q09,A,B,C,D,C,Pahang 2025/Picture9.png,"中文：血友病涉及控制凝血因子的基因发生突变，使血液难以正常凝固，受伤后可能持续出血。
English: Haemophilia involves a mutation affecting a blood-clotting factor. Blood does not clot normally, so bleeding may continue after an injury."
F4 Chp 5,radio,Penang2025_Q09,A,B,C,D,A,Penang 2025/Picture9.png,"中文：组织培养依赖有丝分裂，使细胞增加而保留相同遗传信息，从而大量产生与母体相同的克隆。
English: Tissue culture relies on mitosis to increase cell numbers while retaining the same genetic information, producing many clones identical to the parent."
F4 Chp 5,radio,Perlis2025_Q09,A,B,C,D,A,Perlis 2025/Picture9.png,"中文：地中海贫血与控制血红蛋白形成的基因突变有关，属于基因突变引起的遗传病。
English: Thalassaemia is associated with mutations in genes involved in haemoglobin production, making it a genetic disease caused by gene mutation."
F4 Chp 5,radio,Selangor2025_Q09,A,B,C,D,A,Selangor 2025/Picture9.png,"中文：依SPM简化遗传模型，黑发是显性性状；蓝眼、贴附耳垂和不能卷舌列为隐性，因此选A。
English: In the simplified SPM inheritance model, black hair is dominant, while blue eyes, attached earlobes and inability to roll the tongue are recessive, so A is correct."
F4 Chp 5,radio,Johor2025_Q10,A,B,C,D,A,Johor 2025/Picture10.png,"中文：钟形且连续的直方图表示连续变异；身高具有范围内的许多中间值。
English: The continuous, bell-shaped histogram represents continuous variation, such as height with many intermediate values."
F4 Chp 5,radio,Kedah2025_Q10,A,B,C,D,C,Kedah 2025/Picture10.png,"中文：第21号染色体有三条，是唐氏综合征，可影响身体及智力发展。
English: Three copies of chromosome 21 indicate Down syndrome, which affects physical and intellectual development."
F4 Chp 5,radio,KualaLumpur2025_Q10,A,B,C,D,B,Kuala Lumpur 2025/Picture10.png,"中文：图仅有一条X性染色体，属于45,X的特纳综合征。
English: A single X sex chromosome indicates Turner syndrome, with karyotype45,X."
F4 Chp 5,radio,Pahang2025_Q10,A,B,C,D,A,Pahang 2025/Picture10.png,"中文：图中柱相连，表示连续变异。身高有连续范围及中间值；血型、指纹类型和耳垂类型属于不连续变异。
English: The adjoining bars represent continuous variation. Height has a continuous range with intermediate values, unlike blood group, fingerprint type and earlobe type."
F4 Chp 5,radio,Penang2025_Q10,A,B,C,D,A,Penang 2025/Picture10.png,"中文：同卵双胞胎的基因相同，但皮肤颜色也受日晒等环境因素影响。不同生活环境可使肤色深浅不同。
English: Identical twins have the same genes, but skin colour is also affected by environmental factors such as sunlight. Different environments can therefore alter skin darkness."
F4 Chp 5,radio,Perlis2025_Q10,A,B,C,D,B,Perlis 2025/Picture10.png,"中文：母亲直发为kk；孩子有kk，说明卷发父亲也提供k。因此父亲为Kk，母亲为kk，产生卷发与直发各一半。
English: The straight-haired mother is kk. Since some children are kk, the curly-haired father must also supply k. He is Kk and the mother kk, giving equal curly- and straight-haired offspring."
F4 Chp 5,radio,Putrajaya2025_Q10,A,B,C,D,B,Putrajaya 2025/Picture10.png,"中文：人类卵细胞有23条染色体：22条常染色体及1条X染色体，因此选22+X。
English: A human egg contains 23 chromosomes: 22 autosomes and one X chromosome, giving 22 + X."
F4 Chp 5,radio,Selangor2025_Q10,A,B,C,D,C,Selangor 2025/Picture10.png,"中文：色盲常由X染色体上的隐性等位基因引起。男性只有一条X染色体，带有该等位基因时较容易表现，因此较常见。
English: Colour blindness is commonly caused by a recessive allele on the X chromosome. Males have only one X, so they express the trait more readily if it carries that allele."
F4 Chp 5,radio,KualaLumpur2025_Q11,A,B,C,D,D,Kuala Lumpur 2025/Picture11.png,"中文：GMO可把细菌基因加入植物，使植物得到所需新特征，如抗虫能力。
English: A GMO can receive a bacterial gene in a plant to provide a desired trait, such as insect resistance."
F4 Chp 5,radio,Penang2025_Q11,A,B,C,D,B,Penang 2025/Picture11.png,"中文：依题目的简化遗传模型，卷发和自由耳垂为显性；父母都不能卷舌，孩子也不能卷舌，因此答案取B。体重还受饮食和运动影响，不能只由父母外观确定。
English: Under the question's simplified genetic model, curly hair and free earlobes are dominant, while two non-rolling parents produce non-rolling children, supporting B. Body mass also depends on diet and activity and cannot be determined from parental appearance alone."
F4 Chp 5,radio,Perlis2025_Q11,A,B,C,D,C,Perlis 2025/Picture11.png,"中文：连续变异有中间值，许多个体接近平均值、较少处于极端，图形通常呈正态分布，因此选C。
English: Continuous variation has intermediate values, with many individuals near the average and fewer at the extremes. It typically gives a normal distribution, so C is correct."
F4 Chp 5,radio,Putrajaya2025_Q11,A,B,C,D,D,Putrajaya 2025/Picture11.png,"中文：无酒窝是隐性性状，只有两个隐性等位基因dd才会表现。Dd和DD都会有酒窝。
English: No dimples is the recessive trait and is expressed only with genotype dd. Dd and DD both produce dimples."
F4 Chp 5,radio,Selangor2025_Q11,A,B,C,D,D,Selangor 2025/Picture11.png,"中文：基因改造可把细菌的特定基因转入植物，使植物获得新特征，例如抗虫性。D符合课程中的GMO例子。
English: Genetic modification can transfer a specific bacterial gene into a plant to give it a new trait, such as pest resistance. D matches the GMO example used in the course."
F4 Chp 6,radio,Muar2025_Q07,A,B,C,D,D,Muar 2025/Picture7.png,"中文：袋鼠的尾巴帮助支撑身体和维持平衡，尤其在站立或缓慢移动时，因此选D。
English: A kangaroo's tail supports its body and helps maintain balance, particularly when standing or moving slowly, so D is correct."
F4 Chp 6,radio,PasirGudang2025_Q07,A,B,C,D,C,Pasir Gudang 2025/Picture7.png,"中文：箭头指向上臂后方的肱三头肌。手臂弯曲时，肱二头肌收缩，肱三头肌放松。
English: The arrow points to the triceps at the back of the upper arm. When the arm bends, the biceps contracts and the triceps relaxes."
F4 Chp 6,radio,Muar2025_Q08,A,B,C,D,C,Muar 2025/Picture8.png,"中文：13岁时，图中女生的生长曲线在男生曲线之上，表示女生较高。女生通常较早进入青春期的快速生长期。
English: At age 13, the female growth curve lies above the male curve, so girls are taller. Girls generally enter the rapid growth phase of puberty earlier."
F4 Chp 6,radio,PasirGudang2025_Q08,A,B,C,D,C,Pasir Gudang 2025/Picture8.png,"中文：13岁时女生曲线高于男生曲线，表示女生较高。女生的青春期生长高峰通常较早出现。
English: At age 13, the female curve is above the male curve, indicating greater height. Girls generally reach their pubertal growth spurt earlier."
F4 Chp 6,radio,Kelantan2025_Q09,A,B,C,D,B,Kelantan 2025/Picture9.png,"中文：滑液给软骨提供营养并减少关节摩擦；肌腱连接肌肉与骨。D“肌肉由纤维组成”也符合一般科学事实，本题不够排他。
English: Synovial fluid nourishes cartilage and reduces joint friction; tendons connect muscle to bone. D, that muscles consist of fibres, is also generally true, so the item is not fully exclusive."
F4 Chp 6,radio,Melaka2025_Q09,A,B,C,D,D,Melaka 2025/Picture9.png,"中文：S曲线近水平，表示成年期增长速率最低。
English: The nearly horizontal section S represents adulthood with minimal growth rate."
F4 Chp 6,radio,Perak2025_Q09,A,B,C,D,D,Perak 2025/Picture9.png,"中文：骨骼支撑身体、维持形状并保护重要器官，例如头骨保护脑及胸廓保护心肺。
English: The skeleton supports the body, maintains its shape and protects vital organs, for example the skull protecting the brain and the rib cage protecting the heart and lungs."
F4 Chp 6,radio,Kelantan2025_Q10,A,B,C,D,A,Kelantan 2025/Picture10.png,"中文：蜕皮为ecdysis：旧外骨骼脱落，身体膨大后形成更大的外骨骼。
English: Ecdysis is moulting: the old exoskeleton is shed and the enlarged body develops a bigger exoskeleton."
F4 Chp 6,radio,Melaka2025_Q10,A,B,C,D,D,Melaka 2025/Picture10.png,"中文：通气组织含大量气隙，帮助水生植物浮在水中。
English: Aerenchyma contains air spaces that help aquatic plants float."
F4 Chp 6,radio,NegeriSembilan2025_Q10,A,B,C,D,D,Negeri Sembilan 2025/Picture10.png,"中文：D指向大腿骨，即股骨。股骨连接骨盆与膝部，属于附肢骨骼。
English: D points to the thigh bone, the femur. It connects the hip region to the knee and belongs to the appendicular skeleton."
F4 Chp 6,radio,Perak2025_Q10,A,B,C,D,B,Perak 2025/Picture10.png,"中文：X是肱二头肌，Y是肱三头肌。弯曲手臂时X收缩、Y放松；它们是一对拮抗肌。
English: X is the biceps and Y is the triceps. When the arm bends, X contracts and Y relaxes; they form an antagonistic pair."
F4 Chp 6,radio,Johor2025_Q11,A,B,C,D,D,Johor 2025/Picture11.png,"中文：内骨骼随身体生长，不必像外骨骼动物那样蜕皮。
English: An endoskeleton grows with the body, allowing growth without moulting."
F4 Chp 6,radio,Kedah2025_Q11,A,B,C,D,B,Kedah 2025/Picture11.png,"中文：Y指上臂长骨肱骨；桡骨及尺骨在前臂。
English: Y points to the humerus in the upper arm; the radius and ulna are in the forearm."
F4 Chp 6,radio,Pahang2025_Q11,A,B,C,D,C,Pahang 2025/Picture11.png,"中文：T是连接肌肉与骨的肌腱。肌腱受伤会使肌肉收缩产生的力无法有效传递到骨，影响手臂运动。
English: T is a tendon connecting muscle to bone. Tendon injury prevents the force of muscle contraction from being transmitted effectively to the bone, affecting arm movement."
F4 Chp 6,radio,Johor2025_Q12,A,B,C,D,C,Johor 2025/Picture12.png,"中文：二头肌收缩、三头肌放松使前臂向上弯曲；两者是拮抗肌。
English: The biceps contracts while the triceps relaxes, bending the forearm upward; they are an antagonistic pair."
F4 Chp 6,radio,Kedah2025_Q12,A,B,C,D,A,Kedah 2025/Picture12.png,"中文：成年后身体已接近成熟，生长速率最低且较稳定；婴儿及青春期增长较快。
English: Adulthood has minimal, relatively stable growth after maturity; infancy and adolescence have faster growth."
F4 Chp 6,radio,KualaLumpur2025_Q12,A,B,C,D,C,Kuala Lumpur 2025/Picture12.png,"中文：袋鼠站立时尾巴作第三个支撑点，增大支撑面积，提高稳定性。
English: A kangaroo uses its tail as an additional support point, increasing the base area and stability."
F4 Chp 6,radio,Penang2025_Q12,A,B,C,D,C,Penang 2025/Picture12.png,"中文：依本题SPM分类，海星对应液压骨骼Q，虾有坚硬外壳，属于外骨骼R，因此选C。
English: Under this question's SPM classification, starfish represents the hydrostatic support system Q, while a prawn has a hard exoskeleton R, giving C."
F4 Chp 6,radio,Perlis2025_Q12,A,B,C,D,C,Perlis 2025/Picture12.png,"中文：C是虾，具有含几丁质的坚硬外骨骼，保护并支撑身体。蚯蚓和水螅则依赖液压支撑。
English: C is a prawn, which has a hard chitin-containing exoskeleton for protection and support. Earthworms and hydra use hydrostatic support instead."
F4 Chp 6,radio,Putrajaya2025_Q12,A,B,C,D,A,Putrajaya 2025/Picture12.png,"中文：蟑螂的外骨骼不能随身体扩大，必须蜕皮后才可迅速长大。图形每次突然上升对应蜕皮。
English: A cockroach's exoskeleton cannot expand with its body, so it must moult before growing rapidly. Each sharp rise in the graph corresponds to ecdysis."
F4 Chp 6,radio,Selangor2025_Q12,A,B,C,D,C,Selangor 2025/Picture12.png,"中文：袋鼠把尾巴撑在地面上，可增加支撑底面积并帮助平衡，减少站立时倒下的机会。
English: A kangaroo supports its tail on the ground to enlarge its base of support and improve balance, reducing the chance of falling while standing."
F4 Chp 6,radio,Johor2025_Q13,A,B,C,D,A,Johor 2025/Picture13.png,"中文：睡莲为水生植物，水的浮力支撑其叶及其他部分。
English: The water lily is an aquatic plant supported by the buoyancy of water."
F4 Chp 6,radio,KualaLumpur2025_Q13,A,B,C,D,B,Kuala Lumpur 2025/Picture13.png,"中文：英文题干问非木本植物，其支持来自细胞膨压，所以B；马来文漏写tidak，使“木本”与英文冲突。
English: The English stem asks about non-woody plants, supported by cell turgidity, so B. The Malay stem omits tidak and conflicts with the English version."
F4 Chp 6,radio,Perlis2025_Q13,A,B,C,D,D,Perlis 2025/Picture13.png,"中文：生长涉及身体体积及质量增加，并伴随细胞数量或大小增加，因此D符合定义。
English: Growth involves an increase in body size and mass, together with an increase in cell number or size, so D matches the definition."
F4 Chp 6,radio,Putrajaya2025_Q13,A,B,C,D,D,Putrajaya 2025/Picture13.png,"中文：Q使用多脚助行器，支撑面积比P的拐杖大。底面积较大使重心投影较容易留在支撑范围内，因此更稳定。
English: Q uses a walker with a larger support base than P's walking stick. A wider base helps keep the centre-of-gravity projection within the support area, improving stability."
F4 Chp 6,radio,Selangor2025_Q13,A,B,C,D,B,Selangor 2025/Picture13.png,"中文：陆生非木本植物主要依靠细胞膨压。细胞吸水后变得饱满，对细胞壁施压，使组织保持挺立。
English: Non-woody land plants mainly rely on cell turgidity. Water-filled cells press against their walls, helping the tissues remain upright."
F4 Chp 7,radio,Muar2025_Q09,A,B,C,D,C,Muar 2025/Picture9.png,"中文：图中是胰脏，分泌胰岛素以降低血糖。移除胰脏会导致胰岛素不足，血液葡萄糖水平上升。
English: The diagram shows the pancreas, which secretes insulin to lower blood glucose. Removing it causes insulin deficiency and an increase in blood glucose level."
F4 Chp 7,radio,PasirGudang2025_Q09,A,B,C,D,B,Pasir Gudang 2025/Picture9.png,"中文：儿童生长激素分泌不足会导致生长缓慢和侏儒症；分泌过多则可导致巨人症。
English: Insufficient growth hormone during childhood causes poor growth and dwarfism. Excess secretion can cause gigantism instead."
F4 Chp 7,radio,Muar2025_Q10,A,B,C,D,B,Muar 2025/Picture10.png,"中文：颈部的腺体是甲状腺，分泌甲状腺素，调节身体的新陈代谢速率。
English: The gland in the neck is the thyroid gland. It secretes thyroxine, which regulates the body's metabolic rate."
F4 Chp 7,radio,PasirGudang2025_Q10,A,B,C,D,A,Pasir Gudang 2025/Picture10.png,"中文：A是颈部的甲状腺。依课程，缺碘会影响甲状腺素形成，并可造成甲状腺肿大，即甲状腺肿。
English: A is the thyroid gland in the neck. At course level, iodine deficiency disrupts thyroxine production and can enlarge the gland, causing goitre."
F4 Chp 7,radio,Kelantan2025_Q11,A,B,C,D,A,Kelantan 2025/Picture11.png,"中文：按课本列项，药物滥用、脑损伤和激素失衡直接影响心理健康，因此答案A；职业压力在现实中也可影响心理健康。
English: The textbook list identifies drug abuse, brain injury and hormonal imbalance, giving A; occupational stress can also affect mental health in real life."
F4 Chp 7,radio,Melaka2025_Q11,A,B,C,D,B,Melaka 2025/Picture11.png,"中文：X是肾脏上方的肾上腺，分泌肾上腺素。
English: X is the adrenal gland above the kidney, which secretes adrenaline."
F4 Chp 7,radio,NegeriSembilan2025_Q11,A,B,C,D,B,Negeri Sembilan 2025/Picture11.png,"中文：图中是胰脏。胰岛素分泌不足会减少葡萄糖的吸收和储存，使血糖升高，因此选B。
English: The gland is the pancreas. Insufficient insulin reduces glucose uptake and storage, causing blood glucose to rise, so B is correct."
F4 Chp 7,radio,Perak2025_Q11,A,B,C,D,B,Perak 2025/Picture11.png,"中文：R所指胰脏分泌胰岛素。胰岛素不足导致血糖升高，题目对应的措施是补充胰岛素，因此选B。
English: The pancreas at R secretes insulin. Insulin deficiency raises blood glucose, and the measure described in the question is insulin replacement, so B is correct."
F4 Chp 7,radio,Kelantan2025_Q12,A,B,C,D,C,Kelantan 2025/Picture12.png,"中文：C指肾上腺，分泌肾上腺素，恐惧时使心跳加快。
English: C indicates the adrenal glands, which release adrenaline and increase heart rate during fear."
F4 Chp 7,radio,Melaka2025_Q12,A,B,C,D,C,Melaka 2025/Picture12.png,"中文：巴比妥类属于镇静剂，抑制神经系统活动，减低焦虑。
English: Barbiturates are depressants that reduce nervous-system activity and anxiety."
F4 Chp 7,radio,NegeriSembilan2025_Q12,A,B,C,D,D,Negeri Sembilan 2025/Picture12.png,"中文：受到惊吓时，肾上腺分泌肾上腺素，加快心跳和呼吸，并提供更多能量，让男孩迅速逃跑。
English: When frightened, the adrenal glands secrete adrenaline. It increases heart and breathing rates and makes more energy available, helping the boy run away quickly."
F4 Chp 7,radio,Pahang2025_Q12,A,B,C,D,A,Pahang 2025/Picture12.png,"中文：R位于脑底部，是脑垂体。它分泌多种激素，包括生长激素，并调节其他内分泌腺。
English: R is the pituitary gland at the base of the brain. It secretes several hormones, including growth hormone, and regulates other endocrine glands."
F4 Chp 7,radio,Perak2025_Q12,A,B,C,D,C,Perak 2025/Picture12.png,"中文：巴比妥类是抑制剂，会抑制中枢神经系统，减慢神经冲动及身体反应，因此选C。
English: Barbiturates are depressants that suppress the central nervous system, slowing nerve impulses and body responses, so C is correct."
F4 Chp 7,radio,Kedah2025_Q13,A,B,C,D,D,Kedah 2025/Picture13.png,"中文：儿童生长激素不足可导致侏儒症，过多可导致巨人症。
English: Too little growth hormone in childhood causes dwarfism, while excess can cause gigantism."
F4 Chp 7,radio,Penang2025_Q13,A,B,C,D,B,Penang 2025/Picture13.png,"中文：甲状腺素分泌不足会降低新陈代谢速率，造成疲倦、较易增重和体温偏低，因此涉及甲状腺。
English: Insufficient thyroxine lowers metabolic rate, causing tiredness, weight gain and lower body temperature. The affected gland is therefore the thyroid."
F4 Chp 7,radio,Johor2025_Q14,A,B,C,D,A,Johor 2025/Picture14.png,"中文：肾上腺素触发应急反应，使心跳、呼吸加快及瞳孔扩大。
English: Adrenaline produces the fight-or-flight response, increasing heart rate and breathing rate and dilating pupils."
F4 Chp 7,radio,Kedah2025_Q14,A,B,C,D,C,Kedah 2025/Picture14.png,"中文：课本把氯胺酮列为致幻类药物，会改变脑中冲动处理并导致幻觉。
English: The textbook classifies ketamine as a hallucinogenic drug that alters impulse processing and can cause hallucinations."
F4 Chp 7,radio,KualaLumpur2025_Q14,A,B,C,D,A,Kuala Lumpur 2025/Picture14.png,"中文：镇静剂降低神经系统活动，使人较困倦和不焦虑。
English: Depressants reduce nervous-system activity, causing sleepiness and reduced anxiety."
F4 Chp 7,radio,Perlis2025_Q14,A,B,C,D,B,Perlis 2025/Picture14.png,"中文：胰脏分泌胰岛素和胰高血糖素，分别帮助降低和提高血糖，共同调节血液葡萄糖水平。
English: The pancreas secretes insulin and glucagon, which help lower and raise blood glucose respectively, regulating its level."
F4 Chp 7,radio,Putrajaya2025_Q14,A,B,C,D,C,Putrajaya 2025/Picture14.png,"中文：C是胰脏，负责分泌胰岛素。胰岛素分泌不足时，可能需要补充胰岛素来控制血糖。
English: C is the pancreas, which secretes insulin. Insufficient insulin production may require insulin replacement to control blood glucose."
F4 Chp 7,radio,Selangor2025_Q14,A,B,C,D,D,Selangor 2025/Picture14.png,"中文：幻觉剂会改变感官知觉，使人听到或看到不存在的事物，因此选D。
English: Hallucinogens alter sensory perception and can make a person hear or see things that are not present, so D is correct."
F4 Chp 7,radio,Johor2025_Q15,A,B,C,D,C,Johor 2025/Picture15.png,"中文：髓鞘帮助神经冲动快速传递，损坏后冲动传导变慢或受阻。
English: Myelin supports efficient nerve impulse transmission; damage slows or disrupts conduction."
F4 Chp 7,radio,Perlis2025_Q15,A,B,C,D,D,Perlis 2025/Picture15.png,"中文：与朋友进行适当运动和休闲活动可放松身心、减轻压力。这是题目强调的心理健康益处。
English: Suitable exercise and recreational activities with friends can promote relaxation and relieve stress, which is the mental-health benefit emphasised in the question."
F4 Chp 7,radio,Putrajaya2025_Q15,A,B,C,D,B,Putrajaya 2025/Picture15.png,"中文：兴奋剂刺激中枢神经系统，可产生过度自信及兴奋感，影响判断和安全驾驶，因此选B。
English: Stimulants activate the central nervous system and can cause excessive confidence and excitement, impairing judgment and safe driving, so B is correct."
F4 Chp 8,radio,Muar2025_Q11,A,B,C,D,A,Muar 2025/Picture11.png,"中文：同一周期由左至右，金属性减弱、非金属性增强。因此声称金属性增强的A是错误陈述。
English: Across a period from left to right, metallic character decreases and non-metallic character increases. Therefore, statement A, which gives the opposite trend, is incorrect."
F4 Chp 8,radio,PasirGudang2025_Q11,A,B,C,D,B,Pasir Gudang 2025/Picture11.png,"中文：中子数=核子数−质子数=96−42=54，因此选B。
English: Neutron number = nucleon number − proton number = 96 − 42 = 54, so B is correct."
F4 Chp 8,radio,Muar2025_Q12,A,B,C,D,B,Muar 2025/Picture12.png,"中文：Q和R都有17个质子，但中子数分别为18和20。同位素具有相同质子数和不同中子数，因此选B。
English: Q and R both have 17 protons but have 18 and 20 neutrons respectively. Isotopes have the same proton number but different neutron numbers, so B is correct."
F4 Chp 8,radio,PasirGudang2025_Q12,A,B,C,D,A,Pasir Gudang 2025/Picture12.png,"中文：P和Q均有6个质子，但中子数分别为12和14。质子数相同、中子数不同的原子是同位素。
English: P and Q each have six protons but have 12 and 14 neutrons respectively. Atoms with the same proton number and different neutron numbers are isotopes."
F4 Chp 8,radio,Kelantan2025_Q13,A,B,C,D,D,Kelantan 2025/Picture13.png,"中文：D显示交替排列的正、负离子，代表离子化合物。
English: D shows alternating positive and negative ions, representing an ionic compound."
F4 Chp 8,radio,Melaka2025_Q13,A,B,C,D,D,Melaka 2025/Picture13.png,"中文：P与Q位于同一竖列，所以属于同一族并有相同价电子数。
English: P and Q lie in the same vertical column, so they belong to the same group and have the same valence-electron number."
F4 Chp 8,radio,NegeriSembilan2025_Q13,A,B,C,D,A,Negeri Sembilan 2025/Picture13.png,"中文：该元素的质子数为17，核子数为35。中子数=35−17=18，因此正确组合是17个质子、18个中子及核子数35。
English: The element has proton number 17 and nucleon number 35. Neutron number = 35 − 17 = 18, giving 17 protons, 18 neutrons and nucleon number 35."
F4 Chp 8,radio,Pahang2025_Q13,A,B,C,D,C,Pahang 2025/Picture13.png,"中文：钾的质子数为19，电子排列为2.8.8.1。它失去最外层的1个电子，形成K⁺，得到稳定电子排列2.8.8。
English: Potassium has proton number 19 and electron arrangement 2.8.8.1. It loses its one outer electron to form K⁺ with the stable arrangement 2.8.8."
F4 Chp 8,radio,Perak2025_Q13,A,B,C,D,C,Perak 2025/Picture13.png,"中文：Q有18个电子，排列为2.8.8，最外层为稳定八电子结构，所以通常化学性质不活泼。
English: Q has 18 electrons arranged 2.8.8. Its stable outer octet makes it generally chemically inert."
F4 Chp 8,radio,Kelantan2025_Q14,A,B,C,D,B,Kelantan 2025/Picture14.png,"中文：镁排列2.8.2，失去两个电子形成Mg²⁺，排列2.8达稳定八隅体。
English: Magnesium loses two electrons from 2.8.2 to form Mg²⁺ with the stable octet arrangement 2.8."
F4 Chp 8,radio,Melaka2025_Q14,A,B,C,D,A,Melaka 2025/Picture14.png,"中文：钴-60释放穿透性强的伽马射线，可辐照食品杀灭微生物。
English: Cobalt-60 emits penetrating gamma radiation that can irradiate food to destroy microorganisms."
F4 Chp 8,radio,NegeriSembilan2025_Q14,A,B,C,D,D,Negeri Sembilan 2025/Picture14.png,"中文：伽马射线杀死食物中的微生物，减少腐败，从而延长食物保存时间。
English: Gamma radiation kills microorganisms in food, reducing spoilage and extending its storage life."
F4 Chp 8,radio,Pahang2025_Q14,A,B,C,D,A,Pahang 2025/Picture14.png,"中文：P与Q的质子数都为6，中子数不同，所以它们是同一元素的同位素。
English: P and Q both have six protons but different neutron numbers, so they are isotopes of the same element."
F4 Chp 8,radio,Penang2025_Q14,A,B,C,D,D,Penang 2025/Picture14.png,"中文：依课程的粒子分类，原子物质以原子为粒子，分子物质则以化学结合的原子组成分子，因此D最符合题意。
English: In the course's particle classification, atomic substances have atoms as their particles, while molecular substances contain molecules made of chemically bonded atoms. D best matches this distinction."
F4 Chp 8,radio,Perak2025_Q14,A,B,C,D,B,Perak 2025/Picture14.png,"中文：钴-60释放伽马射线，可用于放射治疗，损伤并杀死癌细胞。
English: Cobalt-60 emits gamma radiation used in radiotherapy to damage and kill cancer cells."
F4 Chp 8,radio,Kedah2025_Q15,A,B,C,D,B,Kedah 2025/Picture15.png,"中文：Z排列为2.8.2，失去最外层两个电子后成为稳定2.8排列。
English: Z has arrangement 2.8.2 and loses its two outer electrons to obtain the stable arrangement 2.8."
F4 Chp 8,radio,KualaLumpur2025_Q15,A,B,C,D,C,Kuala Lumpur 2025/Picture15.png,"中文：P在第二周期第16族，是氧，质子数8。
English: P is in Period2, Group16, identifying oxygen with proton number8."
F4 Chp 8,radio,Penang2025_Q15,A,B,C,D,C,Penang 2025/Picture15.png,"中文：第1族、第3周期的元素是钠，电子排列2.8.1，共11个电子，中性原子的质子数也是11。
English: The Group 1, Period 3 element is sodium, with electron arrangement 2.8.1. It has 11 electrons and, as a neutral atom, 11 protons."
F4 Chp 8,radio,Selangor2025_Q15,A,B,C,D,C,Selangor 2025/Picture15.png,"中文：P位于第13族、第2周期，是硼。电子排列2.3，共5个电子，所以中性原子的质子数为5。
English: P is in Group 13, Period 2, corresponding to boron. Its electron arrangement is 2.3, giving five electrons and a proton number of five in a neutral atom."
F4 Chp 8,radio,Johor2025_Q16,A,B,C,D,D,Johor 2025/Picture16.png,"中文：由内向外数电子为2、8、8、1，所以排列是2.8.8.1；H在这里是代号，不是氢元素符号。
English: Counting from the inner shell gives 2, 8, 8 and 1 electrons, so the arrangement is 2.8.8.1; H is a label here, not hydrogen."
F4 Chp 8,radio,Kedah2025_Q16,A,B,C,D,C,Kedah 2025/Picture16.png,"中文：碳-14可作植物研究示踪剂，也可用于考古遗物年代测定。
English: Carbon-14 is a tracer in plant research and is used to date archaeological remains."
F4 Chp 8,radio,Perlis2025_Q16,A,B,C,D,D,Perlis 2025/Picture16.png,"中文：氯化钠由Na⁺和Cl⁻组成，是离子物质。金是原子物质，氧气则由分子组成。
English: Sodium chloride consists of Na⁺ and Cl⁻ ions and is an ionic substance. Gold is an atomic substance, while oxygen gas consists of molecules."
F4 Chp 8,radio,Putrajaya2025_Q16,A,B,C,D,C,Putrajaya 2025/Picture16.png,"中文：铅是金属，依课程粒子分类属于原子物质。水和酒精是分子物质，氯化钠是离子物质。
English: Lead is a metal classified as an atomic substance in the course. Water and alcohol are molecular substances, while sodium chloride is ionic."
F4 Chp 8,radio,Johor2025_Q17,A,B,C,D,B,Johor 2025/Picture17.png,"中文：碳-14可用于测定古代含碳生物遗物的年代；钴-60用于癌症治疗。
English: Carbon-14 dates ancient carbon-containing remains; cobalt-60 is used in cancer treatment."
F4 Chp 8,radio,Perlis2025_Q17,A,B,C,D,A,Perlis 2025/Picture17.png,"中文：元素符号中的质子数为18，核子数为40。题目问质子数，因此选18，不是中子数22。
English: The element's proton number is 18 and nucleon number is 40. The question asks for proton number, so the answer is 18, not the neutron number 22."
F4 Chp 8,radio,Putrajaya2025_Q17,A,B,C,D,A,Putrajaya 2025/Picture17.png,"中文：X位于第1族、第2周期，对应锂，属于碱金属。因此选金属A。
English: X is in Group 1, Period 2, corresponding to lithium, an alkali metal. Therefore A, metal, is correct."
F4 Chp 8,radio,Perlis2025_Q18,A,B,C,D,A,Perlis 2025/Picture18.png,"中文：钴-60发出的伽马射线用于放射治疗，以损伤并杀死癌细胞，因此选A。
English: Gamma radiation from cobalt-60 is used in radiotherapy to damage and kill cancer cells, so A is correct."
F4 Chp 9,radio,Muar2025_Q13,A,B,C,D,C,Muar 2025/Picture13.png,"中文：图中有不同大小的原子，是合金的结构。钢是铁与碳组成的合金；铅、银和金在此题中是纯金属。
English: The different-sized atoms represent an alloy. Steel is an alloy of iron and carbon, while lead, silver and gold are treated as pure metals in this question."
F4 Chp 9,radio,PasirGudang2025_Q13,A,B,C,D,B,Pasir Gudang 2025/Picture13.png,"中文：航天飞机重返大气层时承受极高温度。陶瓷耐高温且抗腐蚀，适合用作隔热保护材料。
English: A spacecraft experiences extremely high temperatures during re-entry. Ceramics resist high heat and corrosion, making them suitable thermal-protection materials."
F4 Chp 9,radio,Muar2025_Q14,A,B,C,D,D,Muar 2025/Picture14.png,"中文：硬铝质量轻而且坚固，适合制造飞机，以减少机身重量并提供足够强度。
English: Duralumin is light and strong, making it suitable for aircraft construction because it reduces weight while providing sufficient strength."
F4 Chp 9,radio,PasirGudang2025_Q14,A,B,C,D,C,Pasir Gudang 2025/Picture14.png,"中文：把天然橡胶与硫加热进行硫化，在聚合物链之间形成交联，使鞋底更硬且耐热。
English: Heating natural rubber with sulphur causes vulcanisation. Cross-links form between polymer chains, making the sole harder and more heat-resistant."
F4 Chp 9,radio,Kelantan2025_Q15,A,B,C,D,D,Kelantan 2025/Picture15.png,"中文：超导合金可高效产生强磁场，应用于MRI。
English: Superconducting alloys produce strong magnetic fields efficiently and are used in MRI machines."
F4 Chp 9,radio,Melaka2025_Q15,A,B,C,D,D,Melaka 2025/Picture15.png,"中文：钢由铁与少量碳构成，图中X为铁，Y为碳，异种原子阻碍滑动使其更硬。
English: Steel contains iron with a small amount of carbon; X is iron and Y carbon, with different atoms hindering sliding and increasing hardness."
F4 Chp 9,radio,NegeriSembilan2025_Q15,A,B,C,D,B,Negeri Sembilan 2025/Picture15.png,"中文：硫化作用在橡胶聚合物链之间形成硫交联，使天然橡胶更硬、更有弹性及更耐热。
English: Vulcanisation forms sulphur cross-links between rubber polymer chains, making natural rubber harder, more elastic and more heat-resistant."
F4 Chp 9,radio,Pahang2025_Q15,A,B,C,D,C,Pahang 2025/Picture15.png,"中文：实验室玻璃仪器通常使用硼硅酸盐玻璃，因为它耐热，受温度改变时不易破裂。
English: Laboratory glassware commonly uses borosilicate glass because it withstands heat and resists cracking when temperature changes."
F4 Chp 9,radio,Perak2025_Q15,A,B,C,D,D,Perak 2025/Picture15.png,"中文：飞机使用轻而强的硬铝。题目列出的铝、铜和镁是其组成金属，因此选D。
English: Aircraft use duralumin because it is light and strong. Aluminium, copper and magnesium are the constituent metals listed in the question, giving D."
F4 Chp 9,radio,Kelantan2025_Q16,A,B,C,D,A,Kelantan 2025/Picture16.png,"中文：甲基丙烯酸甲酯单体聚合形成Perspex，是正确单体与聚合物配对。
English: Methyl methacrylate polymerises to form Perspex, making A the correct monomer-polymer pair."
F4 Chp 9,radio,KualaLumpur2025_Q16,A,B,C,D,B,Kuala Lumpur 2025/Picture16.png,"中文：青铜由铜和锡组成，选项中的铜是正确原料。
English: Bronze is an alloy of copper and tin, so copper is the correct listed metal."
F4 Chp 9,radio,Melaka2025_Q16,A,B,C,D,D,Melaka 2025/Picture16.png,"中文：硫化加入硫形成交联，使橡胶更强、更有弹性，适合制轮胎。
English: Vulcanisation adds sulphur cross-links, making rubber stronger and more elastic for tyres."
F4 Chp 9,radio,NegeriSembilan2025_Q16,A,B,C,D,D,Negeri Sembilan 2025/Picture16.png,"中文：青铜主要由铜及少量锡组成。D显示较少的锡原子混在较多的铜原子之间，符合青铜的结构。
English: Bronze consists mainly of copper with a smaller amount of tin. D shows fewer tin atoms mixed among more copper atoms, matching bronze."
F4 Chp 9,radio,Pahang2025_Q16,A,B,C,D,B,Pahang 2025/Picture16.png,"中文：将橡胶与硫一起加热进行硫化，形成链之间的交联，使鞋底更硬、更耐热和耐用。
English: Heating rubber with sulphur causes vulcanisation. Cross-links form between the chains, making the shoe sole harder, more heat-resistant and more durable."
F4 Chp 9,radio,Penang2025_Q16,A,B,C,D,A,Penang 2025/Picture16.png,"中文：淀粉由许多葡萄糖单位结合而成，因此它的单体是葡萄糖。氨基酸则是蛋白质的单体。
English: Starch consists of many glucose units joined together, so its monomer is glucose. Amino acids are the monomers of proteins instead."
F4 Chp 9,radio,Perak2025_Q16,A,B,C,D,C,Perak 2025/Picture16.png,"中文：陶瓷坚固且化学性质不活泼，在口腔环境中不易与食物或其他物质反应，适合制造假牙。
English: Ceramics are strong and chemically inert, so they do not readily react with food or other substances in the mouth and are suitable for dentures."
F4 Chp 9,radio,Selangor2025_Q16,A,B,C,D,D,Selangor 2025/Picture16.png,"中文：钢主要由铁与少量碳组成，因此制造钢所用的主要金属是铁。
English: Steel consists mainly of iron with a small amount of carbon, so iron is the principal metal used to make it."
F4 Chp 9,radio,Kedah2025_Q17,A,B,C,D,C,Kedah 2025/Picture17.png,"中文：钢是较硬的合金，较不容易在敲击时弯曲，所以可换用钢钉。
English: Steel is a harder alloy and is less likely to bend when hammered, so a steel nail is suitable."
F4 Chp 9,radio,Perak2025_Q17,A,B,C,D,D,Perak 2025/Picture17.png,"中文：硫化在橡胶链之间形成硫交联，使链不易滑动，也提高耐热性。题目问成品的优点，因此选D的耐热性高。
English: Vulcanisation forms sulphur cross-links that restrict chain movement and improve heat resistance. Since the question asks for the product's advantage, D is the intended answer."
F4 Chp 9,radio,Johor2025_Q18,A,B,C,D,A,Johor 2025/Picture18.png,"中文：MRI使用强磁场，超导材料可让电流高效流动以产生强磁场。
English: MRI uses strong magnetic fields produced efficiently by superconducting materials."
F4 Chp 9,radio,Kedah2025_Q18,A,B,C,D,D,Kedah 2025/Picture18.png,"中文：铅玻璃折射率较高，适合制作使光线明显折射的棱镜。
English: Lead glass has a high refractive index, making it suitable for prisms."
F4 Chp 9,radio,Putrajaya2025_Q18,A,B,C,D,C,Putrajaya 2025/Picture18.png,"中文：陶瓷常用来制造盘、碗等餐具，因为它较硬、耐热及化学性质较稳定，因此选C。
English: Ceramics are commonly used for plates and bowls because they are hard, heat-resistant and chemically stable, so C is correct."
F4 Chp 9,radio,Johor2025_Q19,A,B,C,D,D,Johor 2025/Picture19.png,"中文：陶瓷耐高温及耐腐蚀，D的陶瓷杯符合这些特征。
English: Ceramics resist heat and corrosion; the ceramic mug in D matches these properties."
F4 Chp 9,radio,Perlis2025_Q19,A,B,C,D,D,Perlis 2025/Picture19.png,"中文：黄铜是铜和锌组成的合金；铁、锌和铜本身是金属元素，因此选D。
English: Brass is an alloy of copper and zinc. Iron, zinc and copper themselves are metallic elements, so D is correct."
F4 Chp 9,radio,Putrajaya2025_Q19,A,B,C,D,A,Putrajaya 2025/Picture19.png,"中文：合金含不同大小的原子，打乱规则排列，使原子层较难滑动，所以通常比纯金属更硬、更强。
English: Different-sized atoms in an alloy disrupt the regular arrangement and make layers harder to slide, usually making the alloy harder and stronger than the pure metal."
F4 Chp 9,radio,Perlis2025_Q20,A,B,C,D,D,Perlis 2025/Picture20.png,"中文：黏土的主要成分是铝硅酸盐，可用于制造陶瓷，因此选D。
English: Clay mainly contains aluminium silicates and is used to manufacture ceramics, so D is correct."
F4 Chp 9,radio,Perlis2025_Q21,A,B,C,D,D,Perlis 2025/Picture21.png,"中文：题目所示交联的橡胶结构限制聚合物链移动，使材料较硬、较耐用，因此答案为D。
English: The cross-linked rubber structure shown restricts polymer-chain movement, making the material harder and more durable, so D is correct."
F5 Chp 1,radio,KualaLumpur2025_Q21,A,B,C,D,C,Kuala Lumpur 2025/Picture21.png,"中文：动物消化道中有益细菌帮助分解食物，有些帮助消化纤维素。
English: Beneficial bacteria in animal digestive systems help break down food; some aid cellulose digestion."
F5 Chp 1,radio,Muar2025_Q21,A,B,C,D,B,Muar 2025/Picture21.png,"中文：一个微生物细胞分裂成两个子细胞，这是二分裂。出芽则会先形成较小的芽体。
English: One microorganism divides into two daughter cells, which is binary fission. Budding instead begins with a smaller outgrowth."
F5 Chp 1,radio,Pahang2025_Q21,A,B,C,D,A,Pahang 2025/Picture21.png,"中文：正常菌群在正常情况下生活于人体而不引起疾病，也可帮助抑制病原体，因此A最符合课程定义。
English: Normal flora live in or on the body without causing disease under normal conditions and can help suppress pathogens. A best matches the course definition."
F5 Chp 1,radio,PasirGudang2025_Q21,A,B,C,D,B,Pasir Gudang 2025/Picture21.png,"中文：加蒸馏水的培养基有菌落，加盐酸的没有，显示酸性条件抑制这次实验中的细菌生长。依课程结论，其适宜生长pH为中性。
English: Colonies grow with distilled water but not with hydrochloric acid, showing that acidity inhibits bacterial growth in this experiment. The intended course conclusion is that neutral pH suits growth."
F5 Chp 1,radio,Selangor2025_Q21,A,B,C,D,C,Selangor 2025/Picture21.png,"中文：依SPM课程，细菌可用于制革，帮助去除动物皮上的组织和脂肪，方便进一步加工成皮革制品。
English: At SPM level, bacteria are used in leather processing to help remove tissue and fat from animal hides, allowing them to be processed into leather goods."
F5 Chp 1,radio,KualaLumpur2025_Q22,A,B,C,D,D,Kuala Lumpur 2025/Picture22.png,"中文：按本题细菌性肺炎情境，抗生素如青霉素针对细菌；并非所有肺炎均由细菌引起。
English: For the bacterial-pneumonia context, an antibiotic such as penicillin targets bacteria; not every pneumonia case is bacterial."
F5 Chp 1,radio,Melaka2025_Q22,A,B,C,D,D,Melaka 2025/Picture22.png,"中文：细菌内生孢子保护细胞，在高温、干燥等不利环境中存活，不用于一般繁殖。
English: Bacterial endospores protect cells in harsh conditions such as heat and dryness; they are survival structures rather than ordinary reproductive spores."
F5 Chp 1,radio,Muar2025_Q22,A,B,C,D,B,Muar 2025/Picture22.png,"中文：根瘤菌把空气中的氮转化为可供植物利用的含氮化合物，经过土壤中的作用增加可利用的硝酸盐，因此答案选B。
English: Rhizobium in root nodules fixes atmospheric nitrogen into nitrogen compounds. Soil processes then increase available nitrates for plants, which is the intended basis for B."
F5 Chp 1,radio,Pahang2025_Q22,A,B,C,D,C,Pahang 2025/Picture22.png,"中文：依课程，环保酵素帮助分解有机污物，达到清洁效果，并减少有害化学残留，因此选C。不能由清洁效果推断它可杀死所有细菌。
English: At course level, eco-enzyme helps break down organic dirt, improving cleaning while reducing harmful chemical residues, so C is intended. Better cleaning does not prove that it kills all bacteria."
F5 Chp 1,radio,PasirGudang2025_Q22,A,B,C,D,B,Pasir Gudang 2025/Picture22.png,"中文：酵母通常通过出芽繁殖：母细胞形成小芽，芽长大后可分离成为新个体。
English: Yeast commonly reproduces by budding. A small bud forms on the parent cell, grows and may separate as a new individual."
F5 Chp 1,radio,Selangor2025_Q22,A,B,C,D,B,Selangor 2025/Picture22.png,"中文：脚癣由Trichophyton rubrum等真菌引起，对应的药物类别是抗真菌药，因此B配对正确。
English: Athlete's foot is caused by fungi such as Trichophyton rubrum and is treated with antifungal medicine, so B is correctly matched."
F5 Chp 1,radio,Kelantan2025_Q23,A,B,C,D,A,Kelantan 2025/Picture23.png,"中文：真菌在潮湿且有机物丰富处生长，能形成孢子，并分解死亡生物。
English: Fungi grow in moist, organic-rich environments, reproduce by spores and decompose dead organisms."
F5 Chp 1,radio,Melaka2025_Q23,A,B,C,D,B,Melaka 2025/Picture23.png,"中文：漂白剂作消毒剂，杀灭厕所等非生物表面的病原体，不用于直接处理伤口。
English: Bleach acts as a disinfectant on non-living surfaces such as toilets, rather than directly on wounds."
F5 Chp 1,radio,Muar2025_Q23,A,B,C,D,D,Muar 2025/Picture23.png,"中文：抗生素纸片周围出现透明区，表示该范围内的细菌生长受到抑制。透明区可用来比较抗生素的效果。
English: A clear zone around an antibiotic disc shows that bacterial growth has been inhibited there. The zone can be used to compare antibiotic effectiveness."
F5 Chp 1,radio,NegeriSembilan2025_Q23,A,B,C,D,A,Negeri Sembilan 2025/Picture23.png,"中文：依SPM课程，小肠的正常菌群包括Lactobacillus sp.，有助维持肠道内微生物平衡。
English: At SPM level, Lactobacillus sp. is a normal flora found in the small intestine and helps maintain microbial balance there."
F5 Chp 1,radio,Pahang2025_Q23,A,B,C,D,D,Pahang 2025/Picture23.png,"中文：消毒剂用于非生命物体表面，杀死或抑制微生物。用于皮肤或伤口的则是适当的防腐剂。
English: Disinfectants kill or inhibit microorganisms on non-living surfaces. Suitable antiseptics are used on skin or wounds instead."
F5 Chp 1,radio,PasirGudang2025_Q23,A,B,C,D,C,Pasir Gudang 2025/Picture23.png,"中文：依课程，吖啶黄是可用于伤口的防腐剂，帮助抑制微生物。一般表面消毒剂不应直接用于伤口。
English: At course level, acriflavine is an antiseptic used on wounds to inhibit microorganisms. General surface disinfectants should not be applied directly to wounds."
F5 Chp 1,radio,Penang2025_Q23,A,B,C,D,D,Penang 2025/Picture23.png,"中文：依环保酵素或发酵制肥的课程方法，红糖为微生物提供可利用的糖，促进有机物发酵和分解。
English: In the course's eco-enzyme or fermented-fertiliser method, brown sugar provides an energy source for microorganisms and supports fermentation and decomposition of organic material."
F5 Chp 1,radio,Perak2025_Q23,A,B,C,D,B,Perak 2025/Picture23.png,"中文：两培养皿主要差别是培养基的湿度。湿润培养基较适合细菌生长，因此研究的因素是湿度。
English: The main difference between the dishes is the moisture of the agar. Moist agar supports bacterial growth better, so the factor is humidity or moisture."
F5 Chp 1,radio,Kelantan2025_Q24,A,B,C,D,B,Kelantan 2025/Picture24.png,"中文：疫苗刺激免疫系统产生针对性抗体及免疫记忆，帮助预防感染。
English: Vaccines stimulate specific antibodies and immune memory to help prevent infection."
F5 Chp 1,radio,NegeriSembilan2025_Q24,A,B,C,D,B,Negeri Sembilan 2025/Picture24.png,"中文：人体温度适合许多病原微生物的生长。处于最适温度时，相关酶较有效运作，微生物繁殖较快。
English: Human body temperature is suitable for many pathogenic microorganisms. At their optimum temperature, enzymes function effectively and reproduction is faster."
F5 Chp 1,radio,Penang2025_Q24,A,B,C,D,C,Penang 2025/Picture24.png,"中文：戴口罩及勤洗手减少呼吸道飞沫和接触传播，适合控制流感扩散。抗生素不会直接治疗流感病毒。
English: Masks and frequent handwashing reduce respiratory-droplet and contact transmission, helping limit influenza spread. Antibiotics do not directly treat the influenza virus."
F5 Chp 1,radio,Perak2025_Q24,A,B,C,D,B,Perak 2025/Picture24.png,"中文：依课程，吖啶黄可作伤口防腐剂，抑制微生物而帮助预防感染。扑热息痛只减轻疼痛，不是防腐剂。
English: At course level, acriflavine is a wound antiseptic that inhibits microorganisms and helps prevent infection. Paracetamol relieves pain but is not an antiseptic."
F5 Chp 1,radio,Kedah2025_Q25,A,B,C,D,D,Kedah 2025/Picture25.png,"中文：按原答案选130°C，高温加压蒸汽可杀灭微生物及孢子；课本常用灭菌温度为121°C，本题未提供该选项。
English: The supplied answer is 130°C; pressurised hot steam kills microorganisms and spores. The usual textbook sterilisation temperature is 121°C, which is absent from the options."
F5 Chp 1,radio,Johor2025_Q26,A,B,C,D,D,Johor 2025/Picture26.png,"中文：图中的出芽酵母发酵糖产生二氧化碳，使面团膨胀，因此用于制面包。
English: The budding yeast ferments sugar and releases carbon dioxide, making dough rise during bread-making."
F5 Chp 1,radio,Kedah2025_Q26,A,B,C,D,C,Kedah 2025/Picture26.png,"中文：生态酶中的分解作用帮助去除污渍，按课本可减少擦洗；发酵过程通常需要较长时间。
English: Eco-enzyme action helps break down stains and reduces scrubbing in the textbook description; fermentation is not a rapid process."
F5 Chp 1,radio,Perlis2025_Q26,A,B,C,D,C,Perlis 2025/Picture26.png,"中文：Spirogyra是水绵，属于藻类，含叶绿素并能进行光合作用。Paramecium和Amoeba则是原生动物。
English: Spirogyra is an alga containing chlorophyll and carrying out photosynthesis. Paramecium and Amoeba are protozoa instead."
F5 Chp 1,radio,Putrajaya2025_Q26,A,B,C,D,D,Putrajaya 2025/Picture26.png,"中文：正常菌群与病原体竞争营养和附着空间，限制病原体繁殖，帮助防止感染，因此选D。
English: Normal flora compete with pathogens for nutrients and attachment sites, limiting pathogen growth and helping prevent infection, so D is correct."
F5 Chp 1,radio,Johor2025_Q27,A,B,C,D,C,Johor 2025/Picture27.png,"中文：乳酸菌Lactobacillus发酵榴莲中的糖产生乳酸，使tempoyak变酸。
English: Lactobacillus ferments sugars into lactic acid, giving tempoyak its sour taste."
F5 Chp 1,checkbox,Perlis2025_Q27,A,B,C,D,"C,D",Perlis 2025/Picture27.png,"中文：青霉素抑制细菌生长，纸片周围没有可见菌落，所以C的“没有细菌”和D的“细菌生长受抑制”都按答案接受。
English: Penicillin inhibits bacterial growth, leaving no visible colonies around the disc. Both C, “absence of bacteria”, and D, “bacterial growth is inhibited”, are accepted by the key."
F5 Chp 1,radio,Putrajaya2025_Q27,A,B,C,D,C,Putrajaya 2025/Picture27.png,"中文：足够湿度使霉菌孢子发芽并支持菌丝生长。面包的水分和营养使霉菌较容易繁殖，因此选C。
English: Sufficient moisture allows fungal spores to germinate and hyphae to grow. Bread provides moisture and nutrients that support mould growth, so C is correct."
F5 Chp 1,radio,Putrajaya2025_Q28,A,B,C,D,D,Putrajaya 2025/Picture28.png,"中文：只有病毒必须在活细胞内复制，图中D是病毒。其余为可在适当环境自行生长的微生物。
English: Viruses must replicate inside living cells, and D shows a virus. The other microorganisms can grow independently under suitable conditions."
F5 Chp 2,radio,KualaLumpur2025_Q23,A,B,C,D,B,Kuala Lumpur 2025/Picture23.png,"中文：X是鸡蛋，富含蛋白质，用于形成新细胞及修复组织。
English: X is an egg, rich in protein for building new cells and repairing tissues."
F5 Chp 2,radio,Selangor2025_Q23,A,B,C,D,A,Selangor 2025/Picture23.png,"中文：X所指食物提供膳食纤维，增加粪便体积并促进肠道蠕动，有助预防便秘。
English: The food labelled X supplies dietary fibre, which adds bulk to stools and supports intestinal movement, helping prevent constipation."
F5 Chp 2,radio,KualaLumpur2025_Q24,A,B,C,D,C,Kuala Lumpur 2025/Picture24.png,"中文：反硝化细菌把土壤硝酸盐还原为氮气，返回大气。
English: Denitrifying bacteria convert soil nitrates into nitrogen gas that returns to the atmosphere."
F5 Chp 2,radio,Muar2025_Q24,A,B,C,D,B,Muar 2025/Picture24.png,"中文：总能量=(14.5×200)+(7.25×150)+(3.85×250)=2900+1087.5+962.5=4950 kJ，选B。
English: Total energy = (14.5 × 200) + (7.25 × 150) + (3.85 × 250) = 2900 + 1087.5 + 962.5 = 4950 kJ, so B is correct."
F5 Chp 2,radio,Pahang2025_Q24,A,B,C,D,B,Pahang 2025/Picture24.png,"中文：反硝化把土壤中的硝酸盐转化为氮气并释放到空气，减少土壤的硝酸根离子。
English: Denitrification converts soil nitrates into nitrogen gas released to the atmosphere, removing nitrate ions from the soil."
F5 Chp 2,radio,PasirGudang2025_Q24,A,B,C,D,D,Pasir Gudang 2025/Picture24.png,"中文：食物保存法抑制微生物及腐败过程，主要目的是延长保质期和防止变质，而非增加食物大小。
English: Food-preservation methods inhibit microorganisms and spoilage processes. Their main purpose is to extend shelf life and prevent deterioration, not increase food size."
F5 Chp 2,radio,Selangor2025_Q24,A,B,C,D,A,Selangor 2025/Picture24.png,"中文：闪电提供高能量，使空气中的氮与氧反应；生成的含氮物质随雨水进入土壤，增加硝酸盐。
English: Lightning provides energy for atmospheric nitrogen to react with oxygen. The resulting nitrogen compounds enter the soil with rain and increase nitrates."
F5 Chp 2,radio,Kelantan2025_Q25,A,B,C,D,D,Kelantan 2025/Picture25.png,"中文：锰是植物仅需少量的微量营养元素；镁、钙、钾属于大量元素。
English: Manganese is a micronutrient needed in small amounts; magnesium, calcium and potassium are macronutrients."
F5 Chp 2,radio,KualaLumpur2025_Q25,A,B,C,D,B,Kuala Lumpur 2025/Picture25.png,"中文：混合种植及梯田属于有效土地管理，维持土地生产力并减少侵蚀。
English: Mixed cropping and terracing are efficient land-management practices that maintain productivity and limit erosion."
F5 Chp 2,radio,Melaka2025_Q25,A,B,C,D,B,Melaka 2025/Picture25.png,"中文：图中印刷题24：长期摄取过多甜食和含糖饮料可增加肥胖及2型糖尿病风险，并非一定发病。
English: For printed question24, excessive sugary food and drinks over time can increase obesity and type2 diabetes risk, rather than guarantee disease."
F5 Chp 2,radio,Muar2025_Q25,A,B,C,D,A,Muar 2025/Picture25.png,"中文：厌食症患者强烈害怕体重增加，因此限制或拒绝进食，导致体重过低和营养不足。
English: A person with anorexia has an intense fear of gaining weight and restricts or refuses food, leading to very low body weight and malnutrition."
F5 Chp 2,radio,NegeriSembilan2025_Q25,A,B,C,D,D,Negeri Sembilan 2025/Picture25.png,"中文：叶片边缘组织死亡是缺钾的典型症状，因此选择钾。缺氮较常表现为叶片变黄及生长缓慢。
English: Dead tissue around the leaf edges is a typical symptom of potassium deficiency. Nitrogen deficiency more commonly causes yellow leaves and poor growth."
F5 Chp 2,radio,Pahang2025_Q25,A,B,C,D,C,Pahang 2025/Picture25.png,"中文：杀菌不完全会留下微生物，它们在罐内繁殖并使食物腐败，即使尚未到期也会出现异味。
English: Incomplete sterilisation leaves microorganisms that can multiply and spoil the canned food, producing an unpleasant smell even before the expiry date."
F5 Chp 2,radio,PasirGudang2025_Q25,A,B,C,D,D,Pasir Gudang 2025/Picture25.png,"中文：有机肥提供营养和有机物，改善土壤结构、维持肥力，并减少对环境的不良影响，因此选D。
English: Organic fertiliser supplies nutrients and organic matter, improves soil structure and maintains fertility while reducing environmental impacts, so D is correct."
F5 Chp 2,radio,Penang2025_Q25,A,B,C,D,C,Penang 2025/Picture25.png,"中文：C摄取较多碳水化合物和脂肪，却只有5 g纤维及3杯水。高能量摄取增加肥胖风险，低纤维和少水增加便秘风险。
English: Student C has high carbohydrate and fat intake but only 5 g of fibre and three cups of water. High energy intake raises obesity risk, while low fibre and water increase constipation risk."
F5 Chp 2,radio,Perak2025_Q25,A,B,C,D,B,Perak 2025/Picture25.png,"中文：图中孩子显示营养不足的症状。B中的鸡肉、鱼和蛋等提供蛋白质，帮助身体生长及组织修复。
English: The child shows signs of malnutrition. Foods in B, such as chicken, fish and eggs, provide protein needed for growth and tissue repair."
F5 Chp 2,radio,Selangor2025_Q25,A,B,C,D,D,Selangor 2025/Picture25.png,"中文：使用废弃矿池及兴建灌溉水道，可更充分利用土地和水资源，支持农业与养殖，因此选D。
English: Using abandoned mining pools and building irrigation canals makes fuller use of land and water resources for agriculture and aquaculture, so D is correct."
F5 Chp 2,radio,Kelantan2025_Q26,A,B,C,D,C,Kelantan 2025/Picture26.png,"中文：热值 =4.2×20×(57−29)÷(0.3×1000) =7.84 kJ g⁻¹。
English: Calorific value =4.2×20×(57−29)÷(0.3×1000) =7.84 kJ g⁻¹."
F5 Chp 2,radio,KualaLumpur2025_Q26,A,B,C,D,A,Kuala Lumpur 2025/Picture26.png,"中文：检查日期标示，避免食用过期罐头；也应注意包装损坏及储存方式。
English: Checking date markings helps avoid expired canned food; packaging condition and storage also matter."
F5 Chp 2,radio,Melaka2025_Q26,A,B,C,D,C,Melaka 2025/Picture26.png,"中文：磷是植物需要较大量的营养元素，属于大量营养素。
English: Phosphorus is required by plants in relatively large amounts and is a macronutrient."
F5 Chp 2,radio,Pahang2025_Q26,A,B,C,D,C,Pahang 2025/Picture26.png,"中文：不符合食品安全要求的产品应从市场召回，避免消费者继续购买和食用，因此选C。
English: A food product that fails food-safety requirements should be recalled from the market to prevent further purchase and consumption, so C is correct."
F5 Chp 2,radio,Penang2025_Q26,A,B,C,D,A,Penang 2025/Picture26.png,"中文：氮用于制造蛋白质、叶绿素、酶及核酸，并促进叶和枝的生长，因此X是氮。
English: Nitrogen is needed to make proteins, chlorophyll, enzymes and nucleic acids and supports leaf and shoot growth, so X is nitrogen."
F5 Chp 2,radio,Perak2025_Q26,A,B,C,D,A,Perak 2025/Picture26.png,"中文：豆科根瘤中的固氮菌把氮气转为含氮化合物，经土壤作用增加可利用的硝酸盐，有助改善土壤肥力。
English: Nitrogen-fixing bacteria in legume root nodules convert nitrogen gas into nitrogen compounds. Soil processes increase available nitrates, improving soil fertility."
F5 Chp 2,radio,Selangor2025_Q26,A,B,C,D,A,Selangor 2025/Picture26.png,"中文：配料表能显示是否含花生或花生成分，帮助有花生过敏的人避免相关食品，因此选A。
English: The ingredient list indicates whether peanuts or peanut ingredients are present, helping a person with peanut allergy avoid those foods, so A is correct."
F5 Chp 2,radio,Kedah2025_Q27,A,B,C,D,D,Kedah 2025/Picture27.png,"中文：热值 =4.2×10×20÷1 =840 J g⁻¹。
English: Calorific value =4.2×10×20÷1 =840 J g⁻¹."
F5 Chp 2,radio,Melaka2025_Q27,A,B,C,D,C,Melaka 2025/Picture27.png,"中文：巴氏杀菌可把牛奶加热至72°C15秒，随后立即冷却，减少有害微生物。
English: Pasteurisation can heat milk to72°C for15seconds followed by immediate cooling to reduce harmful microorganisms."
F5 Chp 2,radio,Penang2025_Q27,A,B,C,D,D,Penang 2025/Picture27.png,"中文：过量化肥使土壤溶液过浓，影响根吸水而导致萎蔫。减少化肥并使用适量堆肥，有助改善土壤状态。
English: Excess chemical fertiliser makes the soil solution too concentrated, impairing root water uptake and causing wilting. Reducing it and using suitable compost helps improve soil conditions."
F5 Chp 2,radio,Perak2025_Q27,A,B,C,D,C,Perak 2025/Picture27.png,"中文：防腐剂抑制微生物繁殖；漂白剂去除不需要的原色；调味剂增加味道。正确配对是C。
English: Preservatives inhibit microbial reproduction, bleaching agents remove unwanted original colours, and flavourings enhance taste. C gives the correct matching."
F5 Chp 2,radio,Johor2025_Q28,A,B,C,D,D,Johor 2025/Picture28.png,"中文：SPM课本把叶上出现褐斑等症状与缺钾联系，因此选择钾。
English: In the SPM textbook, brown spots on leaves are associated with potassium deficiency."
F5 Chp 2,radio,Kedah2025_Q28,A,B,C,D,A,Kedah 2025/Picture28.png,"中文：闪电提供能量让空气中的氮形成氮化合物，最终增加土壤硝酸盐。
English: Lightning supplies energy to convert atmospheric nitrogen into compounds that eventually form nitrates in soil."
F5 Chp 2,radio,Penang2025_Q28,A,B,C,D,C,Penang 2025/Picture28.png,"中文：脱水法去除水分，抑制微生物生长，使干叁巴更耐储存且便于包装，因此选C。
English: Dehydration removes water, limiting microbial growth and making dried sambal easier to package and store for longer, so C is correct."
F5 Chp 2,radio,Perlis2025_Q28,A,B,C,D,A,Perlis 2025/Picture28.png,"中文：能量=(5×15.5)+(30×10.5)+(100×2.6)=77.5+315+260=652.50 kJ，选A。这里计算总能量，选项印成kJ/g应为kJ。
English: Energy = (5 × 15.5) + (30 × 10.5) + (100 × 2.6) = 77.5 + 315 + 260 = 652.50 kJ, giving A. This is total energy, so the printed unit kJ/g should be kJ."
F5 Chp 2,radio,Johor2025_Q29,A,B,C,D,B,Johor 2025/Picture29.png,"中文：氮循环维持氮供应、土壤肥力和蛋白质形成，不是直接维持空气中的氧气。
English: The nitrogen cycle maintains nitrogen availability, soil fertility and protein production, not atmospheric oxygen content directly."
F5 Chp 2,radio,Kedah2025_Q29,A,B,C,D,B,Kedah 2025/Picture29.png,"中文：乳酸菌发酵牛奶中的糖产生乳酸，使牛奶形成酸奶。
English: Bacteria ferment milk sugar into lactic acid, producing yoghurt."
F5 Chp 2,radio,Perlis2025_Q29,A,B,C,D,C,Perlis 2025/Picture29.png,"中文：本题答案纸把过量摄取MSG对应为C“癌症”，此处保留考试答案。不过不能据此把“MSG会致癌”当作已证实的医学结论；这是需核对的题目表述。
English: The answer sheet links excessive MSG consumption to C, “cancer”, and that exam key is retained here. This should not be treated as proof that MSG causes cancer; the wording requires review."
F5 Chp 2,radio,Putrajaya2025_Q29,A,B,C,D,C,Putrajaya 2025/Picture29.png,"中文：温度上升=65−31=34°C。热能=4.2×250×34=35700 J=35.7 kJ；每克食物能量=35.7÷15=2.38 kJ g⁻¹。
English: Temperature rise = 65 − 31 = 34°C. Heat energy = 4.2 × 250 × 34 = 35700 J = 35.7 kJ. Energy per gram of food = 35.7 ÷ 15 = 2.38 kJ g⁻¹."
F5 Chp 2,radio,Johor2025_Q30,A,B,C,D,C,Johor 2025/Picture30.png,"中文：淀粉可增稠并稳定食品质地，属于食品稳定剂。
English: Starch thickens food and stabilises its texture, so it functions as a stabiliser."
F5 Chp 2,radio,Putrajaya2025_Q30,A,B,C,D,C,Putrajaya 2025/Picture30.png,"中文：C同时包含炒饭、鸡蛋和橙汁，在所列套餐中摄取能量较高。题目要求控制总热量，因此应避免该高热量套餐。
English: C includes fried rice, an egg and orange juice, giving a higher energy intake among the listed meal sets. Since the question requires calorie control, this high-energy combination is the intended choice to avoid."
F5 Chp 3,radio,NegeriSembilan2025_Q26,A,B,C,D,B,Negeri Sembilan 2025/Picture26.png,"中文：B指向叶子，代表植物。植物进行光合作用，吸收二氧化碳，因此有助减少温室气体。
English: B points to a leaf, representing plants. Plants absorb carbon dioxide during photosynthesis, helping reduce greenhouse gases."
F5 Chp 3,radio,PasirGudang2025_Q26,A,B,C,D,C,Pasir Gudang 2025/Picture26.png,"中文：A采用露天堆放废物，可能产生污染空气的气体，并产生渗滤液污染水源；回收及堆肥则减少需要弃置的废物。
English: Area A uses open disposal, which can release polluting gases and produce leachate that contaminates water. Recycling and composting reduce the waste requiring disposal."
F5 Chp 3,radio,Kelantan2025_Q27,A,B,C,D,D,Kelantan 2025/Picture27.png,"中文：普通塑料不易被微生物分解，回收可减少长期积累的废物。
English: Ordinary plastics are not readily biodegradable; recycling reduces persistent waste accumulation."
F5 Chp 3,radio,KualaLumpur2025_Q27,A,B,C,D,C,Kuala Lumpur 2025/Picture27.png,"中文：再使用产品减少新产品需求和废物，是增加碳手印的行动。
English: Reusing products reduces new-product demand and waste, contributing to a positive carbon handprint."
F5 Chp 3,radio,NegeriSembilan2025_Q27,A,B,C,D,A,Negeri Sembilan 2025/Picture27.png,"中文：污染增加可分解的有机物，微生物分解时消耗更多氧气，使BOD增加、溶解氧下降，水生生物因缺氧而减少。
English: Pollution adds biodegradable organic matter. Microorganisms use more oxygen to decompose it, increasing BOD and reducing dissolved oxygen, so aquatic life declines."
F5 Chp 3,radio,Pahang2025_Q27,A,B,C,D,B,Pahang 2025/Picture27.png,"中文：图中工厂和交通工具排放烟气。排放有毒或有害气体会造成空气污染，因此选B。
English: The factories and vehicles release exhaust gases. Toxic or harmful gas emissions cause air pollution, so B is correct."
F5 Chp 3,radio,PasirGudang2025_Q27,A,B,C,D,B,Pasir Gudang 2025/Picture27.png,"中文：购物使用可重复使用的袋子，可减少一次性塑料袋和废物，是环保行为。
English: Using reusable shopping bags reduces disposable plastic bags and waste, making it an environmentally friendly practice."
F5 Chp 3,radio,Selangor2025_Q27,A,B,C,D,B,Selangor 2025/Picture27.png,"中文：减少使用产品可从源头减少原料、包装和废物，是有效废物管理的正面行动，即碳手印措施。
English: Using fewer products reduces materials, packaging and waste at the source. It is a positive action for efficient waste management and a carbon-handprint measure."
F5 Chp 3,radio,Kelantan2025_Q28,A,B,C,D,D,Kelantan 2025/Picture28.png,"中文：优良品种具有所需遗传特征，是生产优质油棕果的重要基础。
English: Quality breeds carry desirable inherited traits and are a key basis for producing high-quality oil palm fruit."
F5 Chp 3,radio,KualaLumpur2025_Q28,A,B,C,D,B,Kuala Lumpur 2025/Picture28.png,"中文：燃烧垃圾把含碳物质氧化，释放二氧化碳。
English: Burning carbon-containing waste releases carbon dioxide through combustion."
F5 Chp 3,radio,Melaka2025_Q28,A,B,C,D,D,Melaka 2025/Picture28.png,"中文：升级再造把废弃物变成价值或品质较高的产品，减少浪费。
English: Upcycling turns waste into higher-value or higher-quality products and reduces waste."
F5 Chp 3,radio,NegeriSembilan2025_Q28,A,B,C,D,C,Negeri Sembilan 2025/Picture28.png,"中文：海洋微藻进行光合作用，吸收二氧化碳并释放氧气。这能移除环境中的部分二氧化碳，符合负排放技术。
English: Marine microalgae photosynthesise, absorbing carbon dioxide and releasing oxygen. Removing some environmental carbon dioxide supports negative-emissions technology."
F5 Chp 3,radio,Perak2025_Q28,A,B,C,D,A,Perak 2025/Picture28.png,"中文：2021年P只需1小时脱色，比M的6小时和N的3小时短。脱色越快，BOD越高、污染越严重，因此P最污染。
English: In 2021, P decolourises in one hour, compared with six hours for M and three for N. Faster decolourisation indicates higher BOD and greater pollution, so P is the most polluted."
F5 Chp 3,radio,Selangor2025_Q28,A,B,C,D,D,Selangor 2025/Picture28.png,"中文：电动车使用电能驱动，在行驶时没有燃烧汽油产生的尾气，因此是选项中减少二氧化碳排放的课程措施。
English: An electric car is driven by electricity and does not produce petrol-combustion exhaust while operating, making it the course measure among these options for reducing carbon-dioxide emissions."
F5 Chp 3,radio,Melaka2025_Q29,A,B,C,D,D,Melaka 2025/Picture29.png,"中文：第1至4天BOD升高，分解者消耗更多溶解氧，表示有机物正被积极分解。
English: Rising BOD from day1 to4 shows active decomposition of organic matter consuming more dissolved oxygen."
F5 Chp 3,radio,Penang2025_Q29,A,B,C,D,D,Penang 2025/Picture29.png,"中文：LED灯比传统灯更省电，可减少能源消耗及相关碳排放，符合题目所表达的绿色节能理念。
English: LED lights use less electricity than conventional lamps, reducing energy demand and related carbon emissions, matching the green energy-saving idea in the question."
F5 Chp 3,radio,Perak2025_Q29,A,B,C,D,B,Perak 2025/Picture29.png,"中文：有效微生物产生酶，帮助分解有机废物，因此依答案选择产生酶的B。这些分解作用也可用于堆肥。
English: Effective microorganisms produce enzymes that help break down organic waste, supporting the keyed answer B. Their decomposition activity can also be used in composting."
F5 Chp 3,radio,Kedah2025_Q30,A,B,C,D,C,Kedah 2025/Picture30.png,"中文：EM泥球中的有效微生物帮助分解污染物，改善水质，使亚甲蓝褪色时间延长。
English: Effective microorganisms in mud balls help decompose pollutants, improving water quality and lengthening methylene-blue decolourisation time."
F5 Chp 3,radio,Penang2025_Q30,A,B,C,D,B,Penang 2025/Picture30.png,"中文：喷洒农药后，化学物质可随雨水进入河流，造成水污染，因此依答案选B。BOD主要反映微生物分解有机物的需氧量，不是所有农药污染的直接指标。
English: After pesticide spraying, chemicals can be washed into rivers and cause water pollution, supporting B. BOD mainly measures oxygen demand during microbial decomposition of organic matter, rather than directly indicating every pesticide pollutant."
F5 Chp 3,radio,Perlis2025_Q30,A,B,C,D,A,Perlis 2025/Picture30.png,"中文：森林火灾可因雷击等自然因素发生，释放烟尘污染空气。其余选项是人类工业或交通活动。
English: Forest fires can occur naturally, for example after lightning, releasing smoke and particles. The other options are human industrial or transport activities."
F5 Chp 3,radio,Johor2025_Q31,A,B,C,D,B,Johor 2025/Picture31.png,"中文：把容器升级再造为有用产品可减少废物，并延长材料使用寿命。
English: Upcycling containers into useful products reduces waste and extends the material's useful life."
F5 Chp 3,radio,Perlis2025_Q31,A,B,C,D,C,Perlis 2025/Picture31.png,"中文：减少塑料污染能避免水生动物误食塑料或被缠住，保护食物网中的生物，因此选C。
English: Reducing plastic pollution prevents aquatic animals from ingesting plastic or becoming entangled, protecting organisms in the food web, so C is correct."
F5 Chp 3,radio,Putrajaya2025_Q31,A,B,C,D,A,Putrajaya 2025/Picture31.png,"中文：升级再造把废弃材料改造成价值或品质更高的新产品，与只重复使用原物品不同，因此选A。
English: Upcycling transforms waste materials into new products of higher value or quality. It differs from simply reusing an item in its original form, so A is correct."
F5 Chp 3,radio,Putrajaya2025_Q32,A,B,C,D,A,Putrajaya 2025/Picture32.png,"中文：有效微生物泥球帮助分解河流中的有机污染物，是课程中改善水质的绿色技术例子。
English: Effective-microorganism mudballs help break down organic pollutants in rivers and are a course example of green technology for improving water quality."
F5 Chp 4,radio,Melaka2025_Q24,A,B,C,D,D,Melaka 2025/Picture24.png,"中文：图中印刷题29：硫酸铜促进锌与酸的反应，按课本作加速反应的添加物。
English: For printed question29, copper(II) sulphate speeds the reaction of zinc with acid, as described in the textbook experiment."
F5 Chp 4,radio,Muar2025_Q28,A,B,C,D,B,Muar 2025/Picture28.png,"中文：180 s后气体体积已维持45 cm³，反应结束。平均速率=45÷180=0.25 cm³ s⁻¹；不能把反应结束后的210 s当作反应时间。
English: The gas volume reaches 45 cm³ at 180 s and then stays constant, showing that the reaction has ended. Average rate = 45 ÷ 180 = 0.25 cm³ s⁻¹; the later 210 s reading is not the reaction duration."
F5 Chp 4,radio,Pahang2025_Q28,A,B,C,D,D,Pahang 2025/Picture28.png,"中文：温度升高使粒子动能增加，碰撞更频繁，且更多粒子具有足够能量进行有效碰撞。硫较快形成，因此X较快消失。
English: Higher temperature increases particle kinetic energy, collision frequency and the number of particles able to collide effectively. Sulphur forms faster, so the X disappears sooner."
F5 Chp 4,radio,PasirGudang2025_Q28,A,B,C,D,B,Pasir Gudang 2025/Picture28.png,"中文：把肉切薄会增加总表面积，也使热更容易传入内部，因此缩短烹煮时间。
English: Slicing meat thinly increases total surface area and allows heat to reach the interior more easily, shortening cooking time."
F5 Chp 4,radio,Kelantan2025_Q29,A,B,C,D,A,Kelantan 2025/Picture29.png,"中文：提高气体压力使单位体积内粒子更多，碰撞频率增加，反应更快。
English: Increasing gas pressure packs more particles into a given volume, increasing collision frequency and reaction rate."
F5 Chp 4,radio,KualaLumpur2025_Q29,A,B,C,D,C,Kuala Lumpur 2025/Picture29.png,"中文：节庆烟花涉及快速燃烧，释放光、热和气体。
English: Fireworks involve rapid combustion that releases light, heat and gases."
F5 Chp 4,radio,Muar2025_Q29,A,B,C,D,A,Muar 2025/Picture29.png,"中文：哈柏法使用铁粉作催化剂，加快氨的生成并缩短所需时间。催化剂不会改变平衡产率。
English: The Haber process uses iron powder as a catalyst to speed up ammonia production and shorten the time needed. A catalyst does not change the equilibrium yield."
F5 Chp 4,radio,NegeriSembilan2025_Q29,A,B,C,D,D,Negeri Sembilan 2025/Picture29.png,"中文：D是燃烧，能在短时间内发生，是快速反应。腐败、光合作用和消化在此比较中较慢。
English: D shows combustion, which occurs over a short time and is a fast reaction. Decay, photosynthesis and digestion are slower in this comparison."
F5 Chp 4,radio,Pahang2025_Q29,A,B,C,D,A,Pahang 2025/Picture29.png,"中文：哈柏法用铁粉作催化剂，加快氮和氢生成氨的反应。钒(V)氧化物则用于接触法。
English: The Haber process uses iron powder to catalyse the reaction of nitrogen and hydrogen to form ammonia. Vanadium(V) oxide is used in the Contact process instead."
F5 Chp 4,radio,PasirGudang2025_Q29,A,B,C,D,A,Pasir Gudang 2025/Picture29.png,"中文：氮与氢在铁催化剂及高温高压下反应生成氨，是哈柏法。
English: Nitrogen and hydrogen react with an iron catalyst at high temperature and pressure to produce ammonia in the Haber process."
F5 Chp 4,radio,Selangor2025_Q29,A,B,C,D,D,Selangor 2025/Picture29.png,"中文：铁与水和氧气反应产生铁锈，使铁栏表面变色和腐蚀，这个过程叫生锈。
English: Iron reacts with water and oxygen to form rust, discolouring and corroding the fence. This process is rusting."
F5 Chp 4,radio,Kelantan2025_Q30,A,B,C,D,B,Kelantan 2025/Picture30.png,"中文：相同质量的小大理石块总表面积较大，反应较快，收集相同气体所需时间较短。
English: Smaller marble chips of the same mass have a larger surface area, reacting faster and reducing gas-collection time."
F5 Chp 4,radio,KualaLumpur2025_Q30,A,B,C,D,D,Kuala Lumpur 2025/Picture30.png,"中文：氢气体积逐渐增加，反应物减少使速率下降，最终体积不再增加，符合D曲线。
English: Hydrogen volume increases while the rate slows as reactants are used up, eventually reaching a plateau as in D."
F5 Chp 4,radio,Melaka2025_Q30,A,B,C,D,A,Melaka 2025/Picture30.png,"中文：切块鸡A总表面积较大，与热源接触更充分，所以通常较快煮熟。
English: The cut-up chicken A has a larger total surface area, improving heat contact and usually reducing cooking time."
F5 Chp 4,radio,NegeriSembilan2025_Q30,A,B,C,D,D,Negeri Sembilan 2025/Picture30.png,"中文：同质量的镁粉总表面积比镁带大，与酸接触的面积增加，有效碰撞更频繁，因此反应较快。
English: For the same mass, magnesium powder has a larger total surface area than ribbon. More contact with acid causes more frequent effective collisions and a faster reaction."
F5 Chp 4,radio,Perak2025_Q30,A,B,C,D,C,Perak 2025/Picture30.png,"中文：烹饪气体燃烧迅速产生火焰，是快速化学反应。水变成蒸汽只是物理状态改变。
English: Cooking gas burns rapidly to produce a flame, making it a fast chemical reaction. Water becoming steam is a physical state change."
F5 Chp 4,radio,Selangor2025_Q30,A,B,C,D,B,Selangor 2025/Picture30.png,"中文：压力锅提高内部压力，使水在较高温度沸腾。较高烹煮温度加快食物烹煮，因此选B。
English: A pressure cooker raises internal pressure, allowing water to boil at a higher temperature. The higher cooking temperature cooks food faster, so B is correct."
F5 Chp 4,radio,Kedah2025_Q31,A,B,C,D,A,Kedah 2025/Picture31.png,"中文：浓酸曲线20秒达到100 cm³，平均反应速率 =100÷20 =5.0 cm³ s⁻¹。
English: The concentrated-acid curve reaches 100 cm³ in 20 s; average rate =100÷20 =5.0 cm³ s⁻¹."
F5 Chp 4,radio,Penang2025_Q31,A,B,C,D,C,Penang 2025/Picture31.png,"中文：燃烧在较短时间内进行，属于快速反应；生锈、光合作用和发芽在这里的比较中较慢。
English: Combustion occurs over a short time and is a fast reaction. Rusting, photosynthesis and germination are slower in this comparison."
F5 Chp 4,radio,Perak2025_Q31,A,B,C,D,D,Perak 2025/Picture31.png,"中文：在适当条件下，较高水温加快粒子运动及清洁反应，使洗衣粉较有效去除顽固污渍，因此选D。
English: Under suitable conditions, warmer water increases particle movement and the rate of cleaning processes, helping detergent remove stubborn stains more effectively, so D is correct."
F5 Chp 4,radio,Johor2025_Q32,A,B,C,D,A,Johor 2025/Picture32.png,"中文：实验比较30°C与40°C，改变因素是温度；较高温度增加有效碰撞。
English: The experiment compares 30°C and 40°C, so temperature is the changed factor; higher temperature increases effective collisions."
F5 Chp 4,radio,Kedah2025_Q32,A,B,C,D,B,Kedah 2025/Picture32.png,"中文：热水温度较高，粒子运动加快，增加有效碰撞，相关反应较快。
English: Hot water increases particle kinetic energy and effective collisions, increasing the relevant reaction rate."
F5 Chp 4,radio,Penang2025_Q32,A,B,C,D,A,Penang 2025/Picture32.png,"中文：平均反应速率=锌质量变化÷时间=20÷40=0.5 g s⁻¹，因此选A。
English: Average reaction rate = change in zinc mass ÷ time = 20 ÷ 40 = 0.5 g s⁻¹, so A is correct."
F5 Chp 4,radio,Perlis2025_Q32,A,B,C,D,B,Perlis 2025/Picture32.png,"中文：气体体积在80 s达到30 cm³后不再增加，反应已结束。平均速率=30÷80=0.375≈0.38 cm³ s⁻¹。
English: Gas volume reaches 30 cm³ at 80 s and then stays constant, indicating the reaction has ended. Average rate = 30 ÷ 80 = 0.375 ≈ 0.38 cm³ s⁻¹."
F5 Chp 4,radio,Johor2025_Q33,A,B,C,D,B,Johor 2025/Picture33.png,"中文：接触法制造硫酸用五氧化二钒作催化剂，加快二氧化硫氧化为三氧化硫。
English: Vanadium(V) oxide catalyses the oxidation of sulphur dioxide to sulphur trioxide in the Contact process."
F5 Chp 4,radio,Putrajaya2025_Q33,A,B,C,D,A,Putrajaya 2025/Picture33.png,"中文：铁生锈需要较长时间，属于慢反应；纸燃烧、中和和活泼金属置换通常较快。
English: Iron rusting takes a relatively long time and is a slow reaction. Paper combustion, neutralisation and displacement by reactive metals are usually faster."
F5 Chp 4,radio,Putrajaya2025_Q34,A,B,C,D,C,Putrajaya 2025/Picture34.png,"中文：第三分钟是2至3 min。平均速率=(26.4−18.1)÷(3−2)=8.3 cm³ min⁻¹，选C。
English: The third minute is the interval from 2 to 3 min. Average rate = (26.4 − 18.1) ÷ (3 − 2) = 8.3 cm³ min⁻¹, giving C."
F5 Chp 5,radio,Muar2025_Q30,A,B,C,D,D,Muar 2025/Picture30.png,"中文：碳化合物广泛用作燃料和食物，例如碳氢化合物燃料以及含碳的糖类、脂肪和蛋白质，因此选D。
English: Carbon compounds are widely used as fuels and food, including hydrocarbon fuels and carbon-containing carbohydrates, fats and proteins, so D is correct."
F5 Chp 5,radio,Pahang2025_Q30,A,B,C,D,A,Pahang 2025/Picture30.png,"中文：乙醇是有机碳化合物。大理石中的碳酸盐、二氧化碳和碳酸氢钠在课程中属于无机碳化合物。
English: Ethanol is an organic carbon compound. Carbonates in marble, carbon dioxide and sodium bicarbonate are classified as inorganic carbon compounds in the course."
F5 Chp 5,radio,PasirGudang2025_Q30,A,B,C,D,C,Pasir Gudang 2025/Picture30.png,"中文：酵母发酵葡萄糖产生乙醇和二氧化碳。二氧化碳通过石灰水时会使其变浑浊，因此选C。
English: Yeast fermentation of glucose produces ethanol and carbon dioxide. The carbon dioxide turns limewater cloudy, so C is correct."
F5 Chp 5,radio,Kelantan2025_Q31,A,B,C,D,B,Kelantan 2025/Picture31.png,"中文：酵母把葡萄糖发酵成乙醇及二氧化碳；X为乙醇，燃烧时呈蓝色火焰。
English: Yeast ferments glucose into ethanol and carbon dioxide; X is ethanol, which burns with a blue flame."
F5 Chp 5,radio,KualaLumpur2025_Q31,A,B,C,D,A,Kuala Lumpur 2025/Picture31.png,"中文：生物质来自可补充的植物及有机物，是可再生能源。
English: Biomass comes from replenishable plant and organic material and is a renewable energy source."
F5 Chp 5,radio,Melaka2025_Q31,A,B,C,D,B,Melaka 2025/Picture31.png,"中文：乙烷是烷烃，只含碳氢且碳碳之间全为单键，是饱和碳氢化合物。
English: Ethane is an alkane containing only carbon and hydrogen with single carbon-carbon bonds, so it is saturated."
F5 Chp 5,radio,Muar2025_Q31,A,B,C,D,B,Muar 2025/Picture31.png,"中文：依SPM课程，棕榈油与醇进行题目所称的酯化作用，可制成生物柴油，减少对石油柴油的依赖。
English: At SPM level, palm oil reacts with an alcohol in the process called esterification in the question to produce biodiesel, reducing dependence on petroleum diesel."
F5 Chp 5,radio,NegeriSembilan2025_Q31,A,B,C,D,B,Negeri Sembilan 2025/Picture31.png,"中文：依SPM课程，棕榈油通过题目所称的酯化反应与醇反应，制成可作燃料的生物柴油，因此选B。
English: At SPM level, palm oil reacts with an alcohol through the process called esterification in the question to produce biodiesel fuel, so B is correct."
F5 Chp 5,radio,Pahang2025_Q31,A,B,C,D,A,Pahang 2025/Picture31.png,"中文：结构含碳碳双键，是不饱和烃，属于烯烃同系物。它是C₄H₈，符合烯烃通式CₙH₂ₙ。
English: The structure contains a carbon–carbon double bond, so it is an unsaturated hydrocarbon in the alkene homologous series. It is C₄H₈, matching CₙH₂ₙ."
F5 Chp 5,radio,PasirGudang2025_Q31,A,B,C,D,C,Pasir Gudang 2025/Picture31.png,"中文：依SPM课程，过量摄取饱和脂肪会提高不良胆固醇风险，促进动脉壁沉积，使血管变窄。
English: At SPM level, excessive saturated-fat intake increases the risk of unhealthy cholesterol levels and deposits on artery walls, narrowing the vessels."
F5 Chp 5,radio,Selangor2025_Q31,A,B,C,D,D,Selangor 2025/Picture31.png,"中文：6个碳的烯烃是己烯，符合通式CₙH₂ₙ，因此D配对正确。乙烯2个碳、丙烯3个碳、戊烯5个碳。
English: An alkene with six carbons is hexene and follows CₙH₂ₙ, making D correct. Ethene has two carbons, propene three and pentene five."
F5 Chp 5,radio,Kelantan2025_Q32,A,B,C,D,C,Kelantan 2025/Picture32.png,"中文：有机废物厌氧分解产生含甲烷的沼气，可燃烧用于发电。
English: Anaerobic decomposition produces methane-containing biogas, which can be burnt to generate electricity."
F5 Chp 5,radio,KualaLumpur2025_Q32,A,B,C,D,D,Kuala Lumpur 2025/Picture32.png,"中文：花生富含油脂，按食品分类可作为脂肪来源；这不表示其他选项完全无脂肪。
English: Peanuts are rich in oil and serve as a dietary fat source; this does not mean the other foods contain no fat."
F5 Chp 5,radio,Melaka2025_Q32,A,B,C,D,B,Melaka 2025/Picture32.png,"中文：乙醇能较清洁地完全燃烧、少烟灰，并释放热能，适合生物燃料用途。
English: Ethanol can burn completely with little soot while releasing heat, making it suitable as a biofuel."
F5 Chp 5,radio,NegeriSembilan2025_Q32,A,B,C,D,A,Negeri Sembilan 2025/Picture32.png,"中文：酵母发酵葡萄糖产生乙醇，再通过蒸馏分离。长期过量饮用含乙醇的饮料会损害肝脏，并可导致肝硬化。
English: Yeast fermentation of glucose produces ethanol, which is then separated by distillation. Long-term excessive consumption of alcoholic drinks damages the liver and can cause cirrhosis."
F5 Chp 5,radio,Pahang2025_Q32,A,B,C,D,B,Pahang 2025/Picture32.png,"中文：这些性质符合乙醇。乙醇可溶解多种物质，因此用作香水和其他化妆品的溶剂。
English: These properties match ethanol. It dissolves many substances and is therefore used as a solvent in perfumes and other cosmetic products."
F5 Chp 5,radio,Perak2025_Q32,A,B,C,D,A,Perak 2025/Picture32.png,"中文：酯属于有机碳化合物。二氧化碳和碳酸钙等在课程中归为无机碳化合物。
English: Esters are organic carbon compounds. Carbon dioxide and calcium carbonate are classified as inorganic carbon compounds in the course."
F5 Chp 5,radio,Selangor2025_Q32,A,B,C,D,A,Selangor 2025/Picture32.png,"中文：依SPM课程，动物脂肪通常较多饱和脂肪，室温下较常为固体，熔点较高，所以A是正确特征。
English: At SPM level, animal fats are generally richer in saturated fats, often solid at room temperature and higher in melting point, so A is the intended characteristic."
F5 Chp 5,radio,Kedah2025_Q33,A,B,C,D,A,Kedah 2025/Picture33.png,"中文：石油主要由只含碳及氢的碳氢化合物组成；植物油还含氧。
English: Petroleum mainly contains hydrocarbons composed only of carbon and hydrogen; vegetable oils also contain oxygen."
F5 Chp 5,radio,KualaLumpur2025_Q33,A,B,C,D,D,Kuala Lumpur 2025/Picture33.png,"中文：X是亲水头，溶于水；Y是疏水尾，进入油脂，使污垢能被水带走。
English: X is the hydrophilic head soluble in water; Y is the hydrophobic tail that enters grease, helping remove it with water."
F5 Chp 5,radio,Melaka2025_Q33,A,B,C,D,A,Melaka 2025/Picture33.png,"中文：消化步骤把油棕果肉与硬壳分离，为后续压榨提油作准备。
English: Digestion separates the oil-bearing pulp from the shell in preparation for oil extraction."
F5 Chp 5,radio,Pahang2025_Q33,A,B,C,D,B,Pahang 2025/Picture33.png,"中文：B指向油棕果的果肉或中果皮，也就是题目所称的sabut。棕榈油主要从这部分提取。
English: B points to the fleshy mesocarp or pulp, called sabut in the question. Palm oil is mainly extracted from this part."
F5 Chp 5,radio,Penang2025_Q33,A,B,C,D,C,Penang 2025/Picture33.png,"中文：答案纸给C，按课程来源分类把木炭归入有机来源的碳材料。不过题目用“有机碳化合物”不够严谨：木炭主要是碳，丝绸中的蛋白质也属于有机化合物，A同样有依据。
English: The key gives C, treating charcoal as a carbon material of organic origin in the course classification. However, “organic carbon compound” is imprecise: charcoal is mainly carbon, while the proteins in silk are organic compounds, so A also has a basis."
F5 Chp 5,radio,Perak2025_Q33,A,B,C,D,D,Perak 2025/Picture33.png,"中文：葡萄糖经酵母发酵产生乙醇和二氧化碳，所以X是乙醇。乙醇可与有机酸反应生成酯。
English: Yeast fermentation of glucose produces ethanol and carbon dioxide, so X is ethanol. Ethanol reacts with an organic acid to form an ester."
F5 Chp 5,radio,Perlis2025_Q33,A,B,C,D,A,Perlis 2025/Picture33.png,"中文：过量摄取含较多饱和脂肪的牛肉汉堡，可增加胆固醇沉积风险，使血管内腔变窄，因此选A。
English: Excess intake of beef burgers high in saturated fat can increase the risk of cholesterol deposits, narrowing the blood vessel, so A is correct."
F5 Chp 5,radio,Selangor2025_Q33,A,B,C,D,A,Selangor 2025/Picture33.png,"中文：灭菌后、消化前进行脱果或脱粒，把油棕果从果串分离，因此X的目的是A。
English: Threshing takes place after sterilisation and before digestion, separating oil-palm fruits from their bunches. This gives purpose A for X."
F5 Chp 5,radio,Johor2025_Q34,A,B,C,D,C,Johor 2025/Picture34.png,"中文：酒精容易燃烧，在氧气中反应释放热能。
English: Alcohol is flammable and reacts with oxygen during combustion to release heat."
F5 Chp 5,radio,Kedah2025_Q34,A,B,C,D,B,Kedah 2025/Picture34.png,"中文：过滤后X为冷却，降低温度有助减少油的劣化；按答案B，省略后较容易酸败。
English: X after filtration is cooling, which helps limit deterioration; following answer B, omission increases the risk of the oil becoming rancid or sour."
F5 Chp 5,radio,Penang2025_Q34,A,B,C,D,A,Penang 2025/Picture34.png,"中文：图中有4个碳原子，全部碳碳键都是单键，是丁烷C₄H₁₀。丁烯则含碳碳双键。
English: The structure has four carbon atoms with only single carbon–carbon bonds, so it is butane, C₄H₁₀. Butene would contain a carbon–carbon double bond."
F5 Chp 5,radio,Perak2025_Q34,A,B,C,D,B,Perak 2025/Picture34.png,"中文：过量摄取高脂肪食物如鸡肉汉堡，可促进胆固醇沉积在动脉壁，导致血管变窄和动脉硬化，因此选B。
English: Excess intake of fatty foods such as chicken burgers can promote cholesterol deposits in artery walls, narrowing the vessels and causing arteriosclerosis, so B is correct."
F5 Chp 5,radio,Perlis2025_Q34,A,B,C,D,C,Perlis 2025/Picture34.png,"中文：过滤后的X是纯化处理，去除水分和杂质，帮助避免棕榈油变酸和品质下降，因此选C。
English: X is the purification stage after filtration. Removing moisture and impurities helps prevent palm oil from becoming sour and deteriorating, so C is correct."
F5 Chp 5,radio,Johor2025_Q35,A,B,C,D,D,Johor 2025/Picture35.png,"中文：脂肪分子由碳、氢、氧三种元素构成。
English: Fat molecules contain carbon, hydrogen and oxygen."
F5 Chp 5,radio,Putrajaya2025_Q35,A,B,C,D,C,Putrajaya 2025/Picture35.png,"中文：碳氢化合物只含碳和氢两种元素；若还含氧便不再属于碳氢化合物。
English: Hydrocarbons contain only carbon and hydrogen. A compound also containing oxygen is not a hydrocarbon."
F5 Chp 5,radio,Johor2025_Q36,A,B,C,D,D,Johor 2025/Picture36.png,"中文：油棕果实的肉质中果皮富含棕榈油；果仁产生的是棕榈仁油。
English: The fleshy mesocarp is rich in palm oil; the kernel produces palm kernel oil."
F5 Chp 5,radio,Putrajaya2025_Q36,A,B,C,D,A,Putrajaya 2025/Picture36.png,"中文：把油棕果放入沸水加热属于灭菌阶段，杀死微生物，也有助后续处理，因此选A。
English: Heating oil-palm fruit in boiling water is the sterilisation stage, killing microorganisms and helping subsequent processing, so A is correct."
F5 Chp 6,radio,Muar2025_Q32,A,B,C,D,D,Muar 2025/Picture32.png,"中文：柠檬中的酸性液体作电解质，锌和铜作电极。这种简单电池把化学能转化为电能，供LED使用。
English: The acidic liquid in a lemon acts as the electrolyte, with zinc and copper as electrodes. This simple cell converts chemical energy into electrical energy to power the LED."
F5 Chp 6,radio,PasirGudang2025_Q32,A,B,C,D,D,Pasir Gudang 2025/Picture32.png,"中文：两极都为铅时没有金属之间的电势差，不能产生足够电流，灯泡不会亮。
English: Using lead for both electrodes gives no potential difference between the metals to drive a current, so the bulb does not light up."
F5 Chp 6,radio,Kelantan2025_Q33,A,B,C,D,C,Kelantan 2025/Picture33.png,"中文：氯化钠溶液含可移动离子，能导电；固态溴化铅的离子固定，不能作此时的电解质。
English: Sodium chloride solution has mobile ions and conducts electricity; ions in solid lead bromide are fixed and cannot conduct in that state."
F5 Chp 6,radio,Muar2025_Q33,A,B,C,D,A,Muar 2025/Picture33.png,"中文：镁和铜在金属反应性序列中的距离较大，可产生较高电压，使灯较亮，因此选A。
English: Magnesium and copper are far apart in the metal reactivity series, producing a relatively high voltage and a brighter lamp, so A is correct."
F5 Chp 6,radio,NegeriSembilan2025_Q33,A,B,C,D,C,Negeri Sembilan 2025/Picture33.png,"中文：固体氯化钠中的离子位置固定，不能自由移动导电。熔化后离子可移动，所以加热至熔化能使电路导电。
English: Ions in solid sodium chloride are fixed in position and cannot carry current. Melting allows the ions to move freely, so heating it until it melts makes the circuit conduct electricity."
F5 Chp 6,radio,PasirGudang2025_Q33,A,B,C,D,D,Pasir Gudang 2025/Picture33.png,"中文：电解质是硝酸银溶液，要镀上的金属也是银。银作阳极，铁钥匙作阴极，银沉积在钥匙表面。
English: The electrolyte is silver nitrate solution, and the coating metal is silver. Silver is the anode and the iron key is the cathode, where silver is deposited."
F5 Chp 6,radio,Kelantan2025_Q34,A,B,C,D,A,Kelantan 2025/Picture34.png,"中文：镁最活泼，与另一电极的活泼性差距较大，产生较大电流偏转。
English: Magnesium is the most reactive option and gives a larger reactivity difference from the other electrode, producing greater current deflection."
F5 Chp 6,radio,KualaLumpur2025_Q34,A,B,C,D,D,Kuala Lumpur 2025/Picture34.png,"中文：熔融硝酸银的离子能自由移动而导电，固体离子固定不能导电。
English: Molten silver nitrate has mobile ions and conducts; ions in the solid are fixed and cannot conduct."
F5 Chp 6,radio,Melaka2025_Q34,A,B,C,D,C,Melaka 2025/Picture34.png,"中文：Cu²⁺在阴极得到电子，形成铜沉积：Cu²⁺+2e⁻→Cu。
English: Cu²⁺ ions gain electrons at the cathode and deposit copper: Cu²⁺+2e⁻→Cu."
F5 Chp 6,radio,NegeriSembilan2025_Q34,A,B,C,D,A,Negeri Sembilan 2025/Picture34.png,"中文：两极都使用铜时，没有电极金属之间的电势差，无法提供电流点亮灯泡，因此灯不会亮。
English: With copper at both electrodes, there is no potential difference between the electrode metals to drive a current, so the bulb does not light up."
F5 Chp 6,radio,Pahang2025_Q34,A,B,C,D,C,Pahang 2025/Picture34.png,"中文：氯化钠溶液含可自由移动的离子，能导电，是电解质。固体溴化铅中的离子不能自由移动，需熔化后才能导电。
English: Sodium chloride solution contains mobile ions and conducts electricity, making it an electrolyte. Ions in solid lead(II) bromide cannot move freely; it must be melted to conduct."
F5 Chp 6,radio,Selangor2025_Q34,A,B,C,D,A,Selangor 2025/Picture34.png,"中文：X接正极，是阳极，吸引带负电的硫酸根离子；Y是阴极，吸引Cu²⁺等阳离子，因此选A。题目问移动方向，不是所有这些离子都会放电。
English: X is the positive anode and attracts negative sulfate ions. Y is the cathode and attracts positive ions such as Cu²⁺, giving A. The question asks about migration; not every migrating ion is discharged."
F5 Chp 6,radio,Kedah2025_Q35,A,B,C,D,A,Kedah 2025/Picture35.png,"中文：氢氧化钠溶液含能自由移动的离子，能导电并发生电解。
English: Sodium hydroxide solution contains mobile ions and conducts electricity as an electrolyte."
F5 Chp 6,radio,KualaLumpur2025_Q35,A,B,C,D,C,Kuala Lumpur 2025/Picture35.png,"中文：简单化学电池需要电解质，如硫酸铜溶液及两种不同金属电极。
English: A simple chemical cell requires an electrolyte such as copper(II) sulphate solution and two different metal electrodes."
F5 Chp 6,radio,Melaka2025_Q35,A,B,C,D,B,Melaka 2025/Picture35.png,"中文：化学电池把自发化学反应的化学能转换为电能。
English: A chemical cell converts chemical energy from a spontaneous reaction into electrical energy."
F5 Chp 6,radio,Pahang2025_Q35,A,B,C,D,A,Pahang 2025/Picture35.png,"中文：镁和铜浸在电解质中，把化学能转为电能，构成简单化学电池。它不需要外部电源来驱动反应。
English: Magnesium and copper in an electrolyte convert chemical energy into electrical energy, forming a simple chemical cell. An external power source is not required to drive the reaction."
F5 Chp 6,radio,Perak2025_Q35,A,B,C,D,C,Perak 2025/Picture35.png,"中文：氯化钠溶液有自由移动的离子，可传导电流，是电解质。固体溴化铅的离子则不能自由移动。
English: Sodium chloride solution contains mobile ions that carry electric current, making it an electrolyte. Ions in solid lead(II) bromide cannot move freely."
F5 Chp 6,radio,Perlis2025_Q35,A,B,C,D,B,Perlis 2025/Picture35.png,"中文：A的盐酸较浓，阳极优先产生氯气；B的盐酸很稀，阳极产生氧气。浓度不同会影响放电的离子，因此选B。
English: The more concentrated hydrochloric acid in cell A produces chlorine at the anode, while the very dilute acid in B produces oxygen. Concentration affects ion discharge, so B is correct."
F5 Chp 6,radio,Selangor2025_Q35,A,B,C,D,C,Selangor 2025/Picture35.png,"中文：简单化学电池把化学能转化为电能，一般由不同金属电极和电解质组成，因此C正确。
English: A simple chemical cell converts chemical energy into electrical energy and generally uses different metal electrodes and an electrolyte, so C is correct."
F5 Chp 6,radio,Kedah2025_Q36,A,B,C,D,A,Kedah 2025/Picture36.png,"中文：按答案A，K的金属组合活泼性差距较大，所以电压2.72 V高于L的1.10 V；图中L左电极名称未清楚标示。
English: Following A, K has a greater difference in metal reactivity and gives 2.72 V compared with L at 1.10 V; the left electrode of L is not clearly labelled."
F5 Chp 6,radio,Perak2025_Q36,A,B,C,D,B,Perak 2025/Picture36.png,"中文：锌比铜活泼，较容易失去电子，所以锌是负极，电子从锌经外电路流向铜。
English: Zinc is more reactive than copper and loses electrons more readily, so it is the negative terminal. Electrons flow from zinc to copper through the external circuit."
F5 Chp 6,radio,Perlis2025_Q36,A,B,C,D,C,Perlis 2025/Picture36.png,"中文：C的两极都是铁，没有不同金属之间的电势差，因此电压为零，电压计指针不偏转。
English: Both electrodes in C are iron, so there is no potential difference between different metals. The voltage is zero and the voltmeter needle does not deflect."
F5 Chp 6,radio,Johor2025_Q37,A,B,C,D,D,Johor 2025/Picture37.png,"中文：Cu²⁺使溶液呈蓝色；电解时它在阴极得到电子形成铜，浓度降低使蓝色变浅。
English: Cu²⁺ ions give the solution its blue colour; they gain electrons at the cathode to form copper, so the colour fades as their concentration decreases."
F5 Chp 6,radio,Putrajaya2025_Q37,A,B,C,D,C,Putrajaya 2025/Picture37.png,"中文：铝比铜活泼，会失去电子并形成离子进入电解质，所以C正确。图中是产生电能的化学电池，题干称为电解实验属于笔误。
English: Aluminium is more reactive than copper and loses electrons, forming ions that enter the electrolyte, so C is correct. The diagram is a chemical cell generating electricity; calling it electrolysis in the stem is a wording error."
F5 Chp 7,radio,Muar2025_Q34,A,B,C,D,C,Muar 2025/Picture34.png,"中文：图中C位于焦点F，能对应题目“成像在无穷远”，因此保留答案C。不过题目把“虚像、正立”与“无穷远”并列并不严谨：有限距离的正立虚像应在物体位于F与透镜之间时形成。
English: Point C is at the focal point F, matching the clue that the image is at infinity, so the keyed answer C is retained. However, combining “virtual, upright” with “at infinity” is imprecise: a finite upright virtual image is formed when the object is between F and the lens."
F5 Chp 7,radio,PasirGudang2025_Q34,A,B,C,D,D,Pasir Gudang 2025/Picture34.png,"中文：凹透镜使光发散，对实际物体形成缩小、正立的虚像，因此D正确。凸透镜才是中间厚、边缘薄的会聚透镜。
English: A concave lens diverges light and forms a diminished, upright virtual image of a real object, making D correct. A convex lens is the converging lens that is thicker in the middle."
F5 Chp 7,radio,Kelantan2025_Q35,A,B,C,D,B,Kelantan 2025/Picture35.png,"中文：X是透镜到屏幕上清晰像的距离，即像距。
English: X is the distance from the lens to the image on the screen, called the image distance."
F5 Chp 7,radio,Muar2025_Q35,A,B,C,D,B,Muar 2025/Picture35.png,"中文：P对应显微镜通过目镜观看的放大、正立虚像；Q对应望远镜物镜形成的缩小、倒立实像；R是用凹透镜矫正近视的眼镜，因此选B。
English: P matches the magnified, upright virtual image viewed through a microscope eyepiece. Q matches the reduced, inverted real image formed by a telescope's objective lens. R is spectacles using a concave lens to correct short-sightedness, so B is correct."
F5 Chp 7,radio,NegeriSembilan2025_Q35,A,B,C,D,A,Negeri Sembilan 2025/Picture35.png,"中文：凹透镜使光线发散，对实际物体形成正立、缩小的虚像，因此选A。
English: A concave lens diverges light rays and forms an upright, diminished virtual image of a real object, so A is correct."
F5 Chp 7,radio,PasirGudang2025_Q35,A,B,C,D,A,Pasir Gudang 2025/Picture35.png,"中文：凸透镜物体放在2F以外时，形成缩小、倒立的实像。图中A在2F以外，因此选A。
English: A convex lens forms a diminished, inverted real image when the object is beyond 2F. Point A is beyond 2F, so A is correct."
F5 Chp 7,radio,Penang2025_Q35,A,B,C,D,B,Penang 2025/Picture35.png,"中文：放大镜要产生放大、正立的虚像，物体必须位于凸透镜的焦距以内，即距离小于焦距。
English: To use a convex lens as a magnifying glass and obtain an enlarged, upright virtual image, the object distance must be less than the focal length."
F5 Chp 7,radio,Kelantan2025_Q36,A,B,C,D,D,Kelantan 2025/Picture36.png,"中文：放大镜把焦距内物体形成虚、正立及放大的像。
English: A magnifying glass forms a virtual, upright, enlarged image of an object within its focal length."
F5 Chp 7,radio,KualaLumpur2025_Q36,A,B,C,D,B,Kuala Lumpur 2025/Picture36.png,"中文：光线在另一侧实际相交形成倒立像，所以是实像。
English: The rays actually converge on the opposite side, forming an inverted real image."
F5 Chp 7,radio,Melaka2025_Q36,A,B,C,D,A,Melaka 2025/Picture36.png,"中文：物体位于F与2F之间，形成另一侧2F以外的实、倒立、放大像。
English: An object between F and2F forms a real, inverted, enlarged image beyond2F on the other side."
F5 Chp 7,radio,NegeriSembilan2025_Q36,A,B,C,D,C,Negeri Sembilan 2025/Picture36.png,"中文：显微镜用来观察很微小的物体，符合C。放大镜放大小物体，双筒望远镜和望远镜则观察远处物体。
English: A microscope is used to observe very tiny objects, matching C. A magnifying glass enlarges small objects, while binoculars and telescopes are used for distant objects."
F5 Chp 7,radio,Pahang2025_Q36,A,B,C,D,D,Pahang 2025/Picture36.png,"中文：要得到放大、正立的虚像，物体应放在凸透镜与焦点F之间。图中D就在这个范围。
English: For a magnified, upright virtual image, the object must be between the convex lens and its focal point F. Point D lies in that region."
F5 Chp 7,radio,Penang2025_Q36,A,B,C,D,B,Penang 2025/Picture36.png,"中文：P对应显微镜目镜形成的放大、正立虚像；Q对应望远镜物镜的缩小、倒立实像；R是使用凹透镜的近视眼镜，因此选B。
English: P matches the magnified, upright virtual image formed by a microscope eyepiece. Q matches the reduced, inverted real image formed by a telescope objective. R is spectacles with concave lenses for short-sightedness, giving B."
F5 Chp 7,radio,Selangor2025_Q36,A,B,C,D,B,Selangor 2025/Picture36.png,"中文：凸透镜是会聚透镜，使平行光线折射后集中到焦点，因此选B。
English: A convex lens is a converging lens that refracts parallel rays toward a focal point, so B is correct."
F5 Chp 7,radio,Kedah2025_Q37,A,B,C,D,C,Kedah 2025/Picture37.png,"中文：放大镜在物体位于焦距内时产生虚像，正立且放大。
English: A magnifying glass produces a virtual, upright, enlarged image when the object is within its focal length."
F5 Chp 7,radio,KualaLumpur2025_Q37,A,B,C,D,B,Kuala Lumpur 2025/Picture37.png,"中文：较短焦距提供较广视角，可拍入更多风景。
English: A shorter focal length provides a wider field of view and captures more of the scenery."
F5 Chp 7,radio,Melaka2025_Q37,A,B,C,D,D,Melaka 2025/Picture37.png,"中文：望远镜目镜形成放大的虚像，所以D正确；一般天文望远镜最终像也倒立，B同样是特征。
English: The eyepiece forms an enlarged virtual final image, so D is correct; an ordinary astronomical telescope also gives an inverted image, making B another valid characteristic."
F5 Chp 7,radio,Pahang2025_Q37,A,B,C,D,B,Pahang 2025/Picture37.png,"中文：放大镜使用凸透镜，把物体放在焦距以内，形成放大、正立的虚像。
English: A magnifying glass uses a convex lens with the object within the focal length to form a magnified, upright virtual image."
F5 Chp 7,radio,Perak2025_Q37,A,B,C,D,A,Perak 2025/Picture37.png,"中文：凸透镜的物体放在焦距以内时，形成放大、正立的虚像，这是放大镜的原理。
English: An object within the focal length of a convex lens forms a magnified, upright virtual image. This is the principle of a magnifying glass."
F5 Chp 7,radio,Perlis2025_Q37,A,B,C,D,C,Perlis 2025/Picture37.png,"中文：图中凸透镜形成放大、倒立的实像，可投射到屏幕上，符合幻灯片投影机的用途。
English: The convex lens forms a magnified, inverted real image that can be projected onto a screen, matching a slide projector."
F5 Chp 7,radio,Selangor2025_Q37,A,B,C,D,B,Selangor 2025/Picture37.png,"中文：把物镜由10×换为40×、保留10×目镜，总放大倍数由100×提高到400×。换镜后仍需重新调焦以使图像清晰。
English: Changing the objective from 10× to 40× while keeping the 10× eyepiece increases total magnification from 100× to 400×. Refocusing is still needed for a clear image."
F5 Chp 7,radio,Johor2025_Q38,A,B,C,D,B,Johor 2025/Picture38.png,"中文：凸透镜作放大镜时，物体位于光心与焦点之间，形成虚、正立及放大的像。
English: A convex lens forms a virtual, upright, enlarged image when the object lies between the optical centre and the focal point."
F5 Chp 7,radio,Kedah2025_Q38,A,B,C,D,D,Kedah 2025/Picture38.png,"中文：图中的像为正立放大虚像，物体必须位于光心与焦点之间。
English: The upright enlarged virtual image requires the object to lie between the optical centre and the focus."
F5 Chp 7,radio,Perak2025_Q38,A,B,C,D,A,Perak 2025/Picture38.png,"中文：放大镜的焦距越短，透镜的光学能力越强，在适当使用时可提供较高放大能力，因此选A。
English: A shorter focal length gives a magnifying lens greater optical power and higher magnifying power when used appropriately, so A is correct."
F5 Chp 7,radio,Putrajaya2025_Q38,A,B,C,D,B,Putrajaya 2025/Picture38.png,"中文：把面包放在凸透镜焦距以内，可得到放大、正立的虚像，方便观察霉菌，因此选B。
English: Placing the bread within the convex lens's focal length forms a magnified, upright virtual image, allowing closer observation of mould, so B is correct."
F5 Chp 8,radio,Muar2025_Q36,A,B,C,D,C,Muar 2025/Picture36.png,"中文：根据帕斯卡原理，Fₘ/Aₘ=Fₙ/Aₙ。Fₘ=8000×20÷800=200 N，因此选C。
English: By Pascal's principle, Fₘ/Aₘ = Fₙ/Aₙ. Thus Fₘ = 8000 × 20 ÷ 800 = 200 N, so C is correct."
F5 Chp 8,radio,PasirGudang2025_Q36,A,B,C,D,D,Pasir Gudang 2025/Picture36.png,"中文：根据伯努利原理，较窄通道中流体速度较高，压力较低，因此选D。
English: According to Bernoulli's principle, fluid moves faster in a narrower passage and has lower pressure, so D is correct."
F5 Chp 8,radio,Kelantan2025_Q37,A,B,C,D,C,Kelantan 2025/Picture37.png,"中文：油不易压缩，能传递压力，也能润滑液压系统零件。
English: Oil is nearly incompressible, transmits pressure and lubricates hydraulic components."
F5 Chp 8,radio,Muar2025_Q37,A,B,C,D,B,Muar 2025/Picture37.png,"中文：封闭液体受到的压力会均匀传递到各处，这是帕斯卡原理。因此所比较位置的压力相等，选B。
English: Pressure applied to an enclosed liquid is transmitted uniformly throughout it, according to Pascal's principle. The compared pressures are therefore equal, giving B."
F5 Chp 8,radio,NegeriSembilan2025_Q37,A,B,C,D,C,Negeri Sembilan 2025/Picture37.png,"中文：伯努利原理说明，在此实验条件下，流体流速越高，压力越低，因此选C。
English: Bernoulli's principle states that, under the conditions of this experiment, higher fluid speed corresponds to lower pressure, so C is correct."
F5 Chp 8,radio,PasirGudang2025_Q37,A,B,C,D,C,Pasir Gudang 2025/Picture37.png,"中文：C是牙科椅，利用封闭液体传递压力，符合帕斯卡原理，可用小活塞的力升起较大的负载。
English: C is a dental chair. It transmits pressure through an enclosed liquid according to Pascal's principle, allowing force on a smaller piston to raise a larger load."
F5 Chp 8,radio,Penang2025_Q37,A,B,C,D,C,Penang 2025/Picture37.png,"中文：液压系统两活塞压力相同。因为大活塞面积较大，按F=PA，它产生的力较大，所以小活塞的力较小。
English: The pressure is equal at the two hydraulic pistons. Since the larger piston has greater area, F = PA gives it greater force. The force on the small piston is therefore smaller."
F5 Chp 8,radio,Kelantan2025_Q38,A,B,C,D,B,Kelantan 2025/Picture38.png,"中文：Fₚ/0.01 =10,000/2，所以Fₚ =50 N。
English: Fₚ/0.01 =10,000/2, so Fₚ =50 N."
F5 Chp 8,radio,KualaLumpur2025_Q38,A,B,C,D,B,Kuala Lumpur 2025/Picture38.png,"中文：F输出 =25×20/5 =100 N，因为液体传递相同压力。
English: Output force =25×20/5 =100 N because the liquid transmits equal pressure."
F5 Chp 8,radio,Melaka2025_Q38,A,B,C,D,B,Melaka 2025/Picture38.png,"中文：狭窄处流速较高、压力较低，符合伯努利原理。
English: Flow is faster and pressure lower in the narrow section, illustrating Bernoulli's principle."
F5 Chp 8,radio,Muar2025_Q38,A,B,C,D,B,Muar 2025/Picture38.png,"中文：强风使屋顶上方空气流速增加、压力降低。屋内较高的气压产生向上的合力，可把屋顶掀起。
English: Strong wind increases air speed above the roof and lowers the pressure there. The higher pressure inside the house produces an upward resultant force that can lift the roof."
F5 Chp 8,radio,NegeriSembilan2025_Q38,A,B,C,D,B,Negeri Sembilan 2025/Picture38.png,"中文：两活塞的液体压力相等：Fₚ/0.01=10000/2。Fₚ=10000×0.01÷2=50 N，因此选B。
English: The fluid pressure is equal at the two pistons: Fₚ/0.01 = 10000/2. Therefore Fₚ = 10000 × 0.01 ÷ 2 = 50 N, so B is correct."
F5 Chp 8,radio,Pahang2025_Q38,A,B,C,D,D,Pahang 2025/Picture38.png,"中文：按压活塞时，压力通过封闭液体均匀传递，展示帕斯卡原理。牙科椅利用液压系统升降，因此选D。
English: Pushing the piston transmits pressure uniformly through an enclosed liquid, demonstrating Pascal's principle. A dental chair uses a hydraulic system for lifting, so D is correct."
F5 Chp 8,radio,PasirGudang2025_Q38,A,B,C,D,D,Pasir Gudang 2025/Picture38.png,"中文：强风在屋顶上方流动，使上方气压降低。屋内较高的气压产生向上的力，把屋顶推起，因此选D。
English: Fast wind over the roof lowers the pressure above it. The higher pressure inside produces an upward force that can lift the roof, so D is correct."
F5 Chp 8,radio,Penang2025_Q38,A,B,C,D,A,Penang 2025/Picture38.png,"中文：A位于机翼下方。依课本模型，下方空气流速较低、压力较高，上方流速较高、压力较低，形成升力。
English: A is below the wing. In the textbook model, slower air below has higher pressure, while faster air above has lower pressure, producing lift."
F5 Chp 8,radio,Perlis2025_Q38,A,B,C,D,A,Perlis 2025/Picture38.png,"中文：文丘里管较窄处流速较高、压力较低，体现伯努利原理，因此A正确。
English: Fluid moves faster and has lower pressure in the narrower section of a Venturi tube, demonstrating Bernoulli's principle, so A is correct."
F5 Chp 8,radio,Selangor2025_Q38,A,B,C,D,C,Selangor 2025/Picture38.png,"中文：压力相等：Fₘ/0.01=1000/0.1。Fₘ=1000×0.01÷0.1=100 N，因此选C。
English: Equal pressure gives Fₘ/0.01 = 1000/0.1. Thus Fₘ = 1000 × 0.01 ÷ 0.1 = 100 N, so C is correct."
F5 Chp 8,radio,Johor2025_Q39,A,B,C,D,D,Johor 2025/Picture39.png,"中文：液压压力相等，F₂ =200×6/2 =600 N。
English: Equal hydraulic pressure gives F₂ =200×6/2 =600 N."
F5 Chp 8,radio,Kedah2025_Q39,A,B,C,D,C,Kedah 2025/Picture39.png,"中文：伯努利原理：流体速度较高的区域压力较低；密闭液体传压是帕斯卡原理。
English: Bernoulli's principle states that faster fluid flow has lower pressure; transmission of pressure in an enclosed fluid is Pascal's principle."
F5 Chp 8,radio,Muar2025_Q39,A,B,C,D,A,Muar 2025/Picture39.png,"中文：A处空气通道较宽，流速较低，气压较高；较窄处流速较高、气压较低。这符合伯努利原理，因此选A。
English: The air passage is wider at A, where air moves more slowly and has higher pressure. At narrower sections, air moves faster and has lower pressure, in accordance with Bernoulli's principle."
F5 Chp 8,radio,PasirGudang2025_Q39,A,B,C,D,B,Pasir Gudang 2025/Picture39.png,"中文：压力相等：F/0.05=3000/1.5。F=3000×0.05÷1.5=100 N，因此选B。
English: Equal pressure gives F/0.05 = 3000/1.5. Thus F = 3000 × 0.05 ÷ 1.5 = 100 N, so B is correct."
F5 Chp 8,radio,Perak2025_Q39,A,B,C,D,D,Perak 2025/Picture39.png,"中文：压力相等，输出力=输入力×输出面积÷输入面积=20×1÷0.01=2000 N，因此选D。
English: Equal pressure gives output force = input force × output area ÷ input area = 20 × 1 ÷ 0.01 = 2000 N, so D is correct."
F5 Chp 8,radio,Perlis2025_Q39,A,B,C,D,B,Perlis 2025/Picture39.png,"中文：B位于无人机下方。螺旋桨使下方压力较高、上方较低，产生向上的升力，因此选B。
English: B is beneath the drone. The propellers produce higher pressure below and lower pressure above, creating upward lift, so B is correct."
F5 Chp 8,radio,Putrajaya2025_Q39,A,B,C,D,C,Putrajaya 2025/Picture39.png,"中文：伯努利原理表示流体流速越高，压力越低，因此选C。
English: Bernoulli's principle relates higher fluid speed to lower pressure, so C is correct."
F5 Chp 9,radio,Kelantan2025_Q39,A,B,C,D,B,Kelantan 2025/Picture39.png,"中文：四颗GPS卫星可确定三维位置并校正接收器时钟误差。
English: Four GPS satellites allow a three-dimensional position and receiver clock correction to be determined."
F5 Chp 9,radio,KualaLumpur2025_Q39,A,B,C,D,A,Kuala Lumpur 2025/Picture39.png,"中文：地球静止轨道位于赤道平面，是课本要求的轨道类型。
English: A geostationary orbit lies in the equatorial plane, matching the textbook description."
F5 Chp 9,radio,Melaka2025_Q39,A,B,C,D,A,Melaka 2025/Picture39.png,"中文：远地点是卫星离地球最远的位置，图中A最远。
English: Apogee is the point farthest from Earth; A is the farthest point shown."
F5 Chp 9,radio,NegeriSembilan2025_Q39,A,B,C,D,C,Negeri Sembilan 2025/Picture39.png,"中文：Google Maps和Waze利用GPS定位，并提供路线及导航服务，因此选C。
English: Google Maps and Waze use GPS positioning to provide routes and navigation, so C is correct."
F5 Chp 9,radio,Pahang2025_Q39,A,B,C,D,A,Pahang 2025/Picture39.png,"中文：RLV是可重复使用的发射载具，能够回收并再次使用，从而降低重复发射的成本。
English: RLV means reusable launch vehicle. It can be recovered and used again, reducing the cost of repeated launches."
F5 Chp 9,radio,Penang2025_Q39,A,B,C,D,D,Penang 2025/Picture39.png,"中文：D代表地球同步静止轨道，在赤道平面上绕地球运行，周期与地球自转相同，因而相对地面位置固定。
English: D represents the geostationary orbit in the equatorial plane. Its orbital period matches Earth's rotation, so the satellite appears fixed relative to the ground."
F5 Chp 9,radio,Selangor2025_Q39,A,B,C,D,C,Selangor 2025/Picture39.png,"中文：705 km位于课程中低地球轨道约180至2000 km范围，且运行速度较高，因此选LEO。
English: An altitude of 705 km lies within the course's approximate 180–2000 km range for low Earth orbit, which also has a high orbital speed, so LEO is correct."
F5 Chp 9,radio,Johor2025_Q40,A,B,C,D,C,Johor 2025/Picture40.png,"中文：地球静止轨道卫星与地球自转同步，看起来保持在地面同一点上方。
English: A geostationary satellite matches Earth's rotation and appears to remain above the same point on Earth."
F5 Chp 9,radio,Kedah2025_Q40,A,B,C,D,A,Kedah 2025/Picture40.png,"中文：地球静止轨道位于赤道平面，并与地球自转同步。
English: A geostationary orbit lies in the equatorial plane and matches Earth's rotation."
F5 Chp 9,radio,Kelantan2025_Q40,A,B,C,D,A,Kelantan 2025/Picture40.png,"中文：DD =度+分/60+秒/3600；纬度3+8/60+22.04/3600 =3.139456，经度101+41/60+22.53/3600 =101.689593。
English: DD =degrees+minutes/60+seconds/3600; latitude =3.139456 and longitude =101.689593."
F5 Chp 9,radio,KualaLumpur2025_Q40,A,B,C,D,A,Kuala Lumpur 2025/Picture40.png,"中文：GPS提供接收器的位置资料，常表示为纬度、经度及高度。
English: GPS provides receiver-location information, usually latitude, longitude and altitude."
F5 Chp 9,radio,Melaka2025_Q40,A,B,C,D,A,Melaka 2025/Picture40.png,"中文：X在北半球、西半球，纬度正、经度负，符合43.70643，−79.39864。
English: X lies in the northern and western hemispheres, requiring positive latitude and negative longitude:43.70643,−79.39864."
F5 Chp 9,radio,Muar2025_Q40,A,B,C,D,D,Muar 2025/Picture40.png,"中文：纬度3.139456为正，表示北纬；经度−101.689593为负，表示西经，因此坐标位于西北方向，选D。
English: The positive latitude, 3.139456, indicates north, while the negative longitude, −101.689593, indicates west. The coordinates therefore indicate the north-west direction, giving D."
F5 Chp 9,radio,NegeriSembilan2025_Q40,A,B,C,D,C,Negeri Sembilan 2025/Picture40.png,"中文：依课程的轨道高度比较，轨道越高，运行速度越低。速度递增的顺序为HEO、MEO、LEO，因此选C。
English: In the course's comparison of orbital altitudes, a higher orbit has a lower orbital speed. The ascending order of speed is HEO, MEO, LEO, so C is correct."
F5 Chp 9,radio,Pahang2025_Q40,A,B,C,D,D,Pahang 2025/Picture40.png,"中文：GPS利用卫星信号确定位置，帮助用户了解所在地点、方向和路线，因此选D。
English: GPS uses satellite signals to determine position, helping users identify their location, direction and route, so D is correct."
F5 Chp 9,radio,PasirGudang2025_Q40,A,B,C,D,C,Pasir Gudang 2025/Picture40.png,"中文：X指向最接近地球的轨道，是低地球轨道LEO，其高度低于中地球轨道和高地球轨道。
English: X points to the orbit closest to Earth, the low Earth orbit or LEO. Its altitude is lower than medium and high Earth orbits."
F5 Chp 9,radio,Penang2025_Q40,A,B,C,D,D,Penang 2025/Picture40.png,"中文：X是卫星，属于太空部分；Y是手机接收器，属于用户部分；Z是地面站，属于控制部分，因此选D。
English: X is the satellite, belonging to the space segment. Y is the phone receiver in the user segment. Z is a ground station in the control segment, so D is correct."
F5 Chp 9,radio,Perak2025_Q40,A,B,C,D,D,Perak 2025/Picture40.png,"中文：十进制度数=度+分/60+秒/3600。纬度=5+10/60+35.05/3600=5.176403；经度=12+6/60+18.25/3600=12.105069，因此选D。
English: Decimal degrees = degrees + minutes/60 + seconds/3600. Latitude = 5 + 10/60 + 35.05/3600 = 5.176403; longitude = 12 + 6/60 + 18.25/3600 = 12.105069, giving D."
F5 Chp 9,radio,Perlis2025_Q40,A,B,C,D,B,Perlis 2025/Picture40.png,"中文：Y是椭圆轨道上距离地球最远的位置，称为远地点apogee。最近的位置则是近地点perigee。
English: Y is the point farthest from Earth in the elliptical orbit, called apogee. The nearest point is perigee."
F5 Chp 9,radio,Putrajaya2025_Q40,A,B,C,D,A,Putrajaya 2025/Picture40.png,"中文：依本题课程表，把高度约35780 km、速度约11100 km/h对应为HEO，因此答案为A。这些数值也接近同步轨道的典型值，若严格区分HEO与GEO，题目存在类别歧义。
English: Under the course table used by this question, an altitude around 35780 km and speed around 11100 km/h are assigned to HEO, giving A. These values also resemble synchronous-orbit values, so a strict distinction between HEO and GEO makes the options ambiguous."
F5 Chp 9,radio,Selangor2025_Q40,A,B,C,D,B,Selangor 2025/Picture40.png,"中文：手机等GPS接收器属于用户部分，接收卫星信号并计算位置。卫星是太空部分，地面监控站是控制部分。
English: GPS receivers such as smartphones belong to the user segment, receiving satellite signals and determining position. Satellites form the space segment and ground monitoring stations the control segment."
